State,race,tot_pop,tot_cit,tot_reg,pct_reg_tot,me_pct_reg_tot,pct_reg_cit,me_pct_reg_cit,tot_vote,pct_vote_tot,me_pct_vote_tot,pct_vote_cit,me_pct_vote_cit,year
US,Total,239874,219941,142166,59.3,0.3,64.6,0.3,92251,38.5,0.3,41.9,0.3,2014
US,Male,115637,105299,66147,57.2,0.4,62.8,0.4,43009,37.2,0.4,40.8,0.4,2014
US,Female,124237,114642,76019,61.2,0.4,66.3,0.4,49243,39.6,0.4,43,0.4,2014
US,White alone,189331,175909,115998,61.3,0.3,65.9,0.3,76366,40.3,0.3,43.4,0.3,2014
US,White non-Hispanic alone,156438,153750,104664,66.9,0.3,68.1,0.3,70351,45,0.4,45.8,0.4,2014
US,Black alone,29668,27908,17700,59.7,1,63.4,1,11078,37.3,1,39.7,1,2014
US,Asian alone,13495,9504,4642,34.4,1.5,48.8,1.8,2575,19.1,1.2,27.1,1.6,2014
US,Hispanic (of any race),36802,25092,12862,34.9,1.1,51.3,1.4,6775,18.4,0.9,27,1.2,2014
US,White alone or in combination,192804,179103,117978,61.2,0.3,65.9,0.3,77472,40.2,0.3,43.3,0.3,2014
US,Black alone or in combination,31078,29222,18422,59.3,0.9,63,1,11469,36.9,0.9,39.2,1,2014
US,Asian alone or in combination,14367,10332,5166,36,1.4,50,1.7,2883,20.1,1.2,27.9,1.6,2014
ALABAMA,Total,3656,3519,2366,64.7,2.4,67.2,2.4,1497,40.9,2.4,42.5,2.5,2014
ALABAMA,Male,1734,1642,1063,61.3,3.5,64.7,3.5,677,39,3.5,41.2,3.6,2014
ALABAMA,Female,1922,1877,1303,67.8,3.2,69.4,3.2,820,42.6,3.4,43.7,3.4,2014
ALABAMA,White alone,2586,2503,1700,65.8,2.8,67.9,2.8,1045,40.4,2.9,41.8,2.9,2014
ALABAMA,White non-Hispanic alone,2478,2473,1686,68,2.8,68.2,2.8,1045,42.2,3,42.3,3,2014
ALABAMA,Black alone,922,910,596,64.6,5.7,65.4,5.7,414,44.9,5.9,45.5,6,2014
ALABAMA,Asian alone,51,23,17,NA,NA,NA,NA,9,NA,NA,NA,NA,2014
ALABAMA,Hispanic (of any race),136,41,17,NA,NA,NA,NA,3,NA,NA,NA,NA,2014
ALABAMA,White alone or in combination,2660,2572,1746,65.6,2.7,67.9,2.7,1071,40.2,2.8,41.6,2.9,2014
ALABAMA,Black alone or in combination,937,925,604,64.5,5.6,65.3,5.7,414,44.2,5.9,44.8,5.9,2014
ALABAMA,Asian alone or in combination,51,23,17,NA,NA,NA,NA,9,NA,NA,NA,NA,2014
ALASKA,Total,521,503,336,64.6,2.5,66.8,2.5,255,49,2.6,50.7,2.7,2014
ALASKA,Male,264,256,168,63.8,3.5,65.7,3.5,128,48.4,3.7,49.9,3.7,2014
ALASKA,Female,257,247,168,65.4,3.5,68,3.5,127,49.6,3.7,51.5,3.8,2014
ALASKA,White alone,340,331,234,68.9,3,70.7,3,188,55.5,3.2,56.9,3.2,2014
ALASKA,White non-Hispanic alone,318,312,223,70.1,3.1,71.4,3,181,56.8,3.3,57.8,3.3,2014
ALASKA,Black alone,18,18,9,NA,NA,NA,NA,6,NA,NA,NA,NA,2014
ALASKA,Asian alone,28,21,8,NA,NA,NA,NA,7,NA,NA,NA,NA,2014
ALASKA,Hispanic (of any race),28,24,12,NA,NA,NA,NA,8,NA,NA,NA,NA,2014
ALASKA,White alone or in combination,360,350,245,68.2,2.9,70,2.9,196,54.6,3.1,56.1,3.2,2014
ALASKA,Black alone or in combination,21,20,11,NA,NA,NA,NA,8,NA,NA,NA,NA,2014
ALASKA,Asian alone or in combination,32,25,11,NA,NA,NA,NA,9,NA,NA,NA,NA,2014
ARIZONA,Total,4994,4397,2738,54.8,2.1,62.3,2.2,1785,35.7,2.1,40.6,2.2,2014
ARIZONA,Male,2423,2133,1309,54,3.1,61.4,3.2,823,34,2.9,38.6,3.2,2014
ARIZONA,Female,2571,2264,1430,55.6,3,63.1,3.1,961,37.4,2.9,42.5,3.1,2014
ARIZONA,White alone,4226,3742,2386,56.5,2.3,63.8,2.4,1583,37.5,2.3,42.3,2.4,2014
ARIZONA,White non-Hispanic alone,2743,2694,1757,64.1,2.8,65.2,2.8,1250,45.6,2.9,46.4,2.9,2014
ARIZONA,Black alone,215,199,120,55.9,12.4,60.3,12.7,66,30.8,11.5,33.1,12.2,2014
ARIZONA,Asian alone,189,98,39,20.4,11.2,39.3,18.8,20,10.6,8.6,20.3,15.5,2014
ARIZONA,Hispanic (of any race),1580,1145,687,43.5,5.9,60,6.9,364,23.1,5,31.8,6.5,2014
ARIZONA,White alone or in combination,4315,3827,2425,56.2,2.3,63.4,2.4,1614,37.4,2.2,42.2,2.4,2014
ARIZONA,Black alone or in combination,248,229,120,48.5,11.6,52.4,12.1,66,26.7,10.3,28.8,10.9,2014
ARIZONA,Asian alone or in combination,205,115,48,23.3,11.3,41.7,17.6,25,12,8.7,21.5,14.7,2014
ARKANSAS,Total,2189,2057,1292,59,2.5,62.8,2.6,798,36.5,2.5,38.8,2.6,2014
ARKANSAS,Male,1058,993,592,55.9,3.7,59.6,3.7,364,34.4,3.5,36.7,3.7,2014
ARKANSAS,Female,1131,1064,700,61.9,3.5,65.8,3.5,434,38.3,3.5,40.8,3.6,2014
ARKANSAS,White alone,1763,1680,1076,61,2.8,64,2.8,661,37.5,2.8,39.3,2.9,2014
ARKANSAS,White non-Hispanic alone,1645,1633,1058,64.3,2.8,64.8,2.8,647,39.3,2.9,39.6,2.9,2014
ARKANSAS,Black alone,307,303,184,60,8.1,60.7,8.1,116,37.7,8,38.2,8.1,2014
ARKANSAS,Asian alone,54,28,8,NA,NA,NA,NA,2,NA,NA,NA,NA,2014
ARKANSAS,Hispanic (of any race),136,55,20,NA,NA,NA,NA,14,NA,NA,NA,NA,2014
ARKANSAS,White alone or in combination,1795,1712,1087,60.6,2.8,63.5,2.8,670,37.3,2.7,39.1,2.8,2014
ARKANSAS,Black alone or in combination,311,307,184,59.3,8.1,60,8.1,116,37.3,8,37.7,8,2014
ARKANSAS,Asian alone or in combination,57,31,8,NA,NA,NA,NA,2,NA,NA,NA,NA,2014
CALIFORNIA,Total,29030,24455,14113,48.6,0.9,57.7,1,8949,30.8,0.8,36.6,0.9,2014
CALIFORNIA,Male,14156,11811,6622,46.8,1.3,56.1,1.4,4240,30,1.2,35.9,1.3,2014
CALIFORNIA,Female,14874,12645,7491,50.4,1.2,59.2,1.3,4708,31.7,1.2,37.2,1.3,2014
CALIFORNIA,White alone,21429,18060,10753,50.2,1,59.5,1.1,7093,33.1,1,39.3,1.1,2014
CALIFORNIA,White non-Hispanic alone,12326,11907,7830,63.5,1.3,65.8,1.3,5551,45,1.4,46.6,1.4,2014
CALIFORNIA,Black alone,1846,1787,1043,56.5,4.2,58.4,4.3,535,29,3.9,29.9,4,2014
CALIFORNIA,Asian alone,4409,3486,1628,36.9,2.8,46.7,3.2,933,21.2,2.4,26.8,2.9,2014
CALIFORNIA,Hispanic (of any race),10023,6859,3294,32.9,2.2,48,2.9,1707,17,1.8,24.9,2.5,2014
CALIFORNIA,White alone or in combination,21993,18565,11107,50.5,1,59.8,1.1,7252,33,1,39.1,1.1,2014
CALIFORNIA,Black alone or in combination,1997,1913,1134,56.8,4.1,59.3,4.1,570,28.5,3.7,29.8,3.8,2014
CALIFORNIA,Asian alone or in combination,4598,3660,1742,37.9,2.7,47.6,3.2,986,21.5,2.3,27,2.8,2014
COLORADO,Total,4009,3732,2654,66.2,2.3,71.1,2.3,2211,55.2,2.4,59.3,2.4,2014
COLORADO,Male,1979,1849,1288,65.1,3.3,69.7,3.2,1059,53.5,3.4,57.3,3.5,2014
COLORADO,Female,2030,1883,1366,67.3,3.2,72.5,3.1,1152,56.8,3.3,61.2,3.4,2014
COLORADO,White alone,3637,3427,2453,67.4,2.4,71.6,2.3,2085,57.3,2.5,60.8,2.5,2014
COLORADO,White non-Hispanic alone,3010,2965,2192,72.8,2.5,73.9,2.4,1888,62.7,2.7,63.7,2.7,2014
COLORADO,Black alone,147,132,75,51.2,15.2,57,15.8,56,38,14.7,42.3,15.8,2014
COLORADO,Asian alone,112,63,48,NA,NA,NA,NA,40,NA,NA,NA,NA,2014
COLORADO,Hispanic (of any race),701,534,321,45.8,9,60.1,10.1,218,31.1,8.4,40.9,10.2,2014
COLORADO,White alone or in combination,3688,3478,2498,67.7,2.3,71.8,2.3,2105,57.1,2.5,60.5,2.5,2014
COLORADO,Black alone or in combination,157,142,78,49.9,14.7,55.1,15.3,57,36.5,14.1,40.4,15.1,2014
COLORADO,Asian alone or in combination,138,88,74,53.3,16.3,83.1,15.3,48,35,15.6,54.6,20.3,2014
CONNECTICUT,Total,2783,2560,1668,59.9,2.4,65.1,2.5,1195,43,2.5,46.7,2.6,2014
CONNECTICUT,Male,1333,1217,765,57.4,3.6,62.9,3.6,588,44.1,3.6,48.3,3.8,2014
CONNECTICUT,Female,1450,1343,903,62.3,3.4,67.2,3.4,607,41.9,3.4,45.2,3.6,2014
CONNECTICUT,White alone,2344,2198,1475,62.9,2.6,67.1,2.6,1065,45.4,2.7,48.4,2.8,2014
CONNECTICUT,White non-Hispanic alone,2076,2014,1374,66.2,2.7,68.2,2.7,1009,48.6,2.9,50.1,2.9,2014
CONNECTICUT,Black alone,291,246,121,41.7,9.2,49.2,10.2,83,28.4,8.4,33.5,9.6,2014
CONNECTICUT,Asian alone,101,72,40,NA,NA,NA,NA,28,NA,NA,NA,NA,2014
CONNECTICUT,Hispanic (of any race),319,220,116,36.3,11.2,52.6,13.9,68,21.3,9.5,30.8,12.9,2014
CONNECTICUT,White alone or in combination,2376,2231,1502,63.2,2.6,67.4,2.6,1083,45.6,2.7,48.5,2.8,2014
CONNECTICUT,Black alone or in combination,305,261,131,42.8,9,50.1,9.9,86,28.1,8.2,32.9,9.3,2014
CONNECTICUT,Asian alone or in combination,101,72,40,NA,NA,NA,NA,28,NA,NA,NA,NA,2014
DELAWARE,Total,712,661,442,62,2.4,66.8,2.5,299,42,2.5,45.2,2.6,2014
DELAWARE,Male,337,311,206,61.2,3.6,66.2,3.6,139,41.2,3.6,44.6,3.8,2014
DELAWARE,Female,375,350,236,62.8,3.4,67.3,3.4,160,42.7,3.4,45.7,3.6,2014
DELAWARE,White alone,510,484,336,65.9,2.8,69.4,2.8,229,44.9,3,47.2,3.1,2014
DELAWARE,White non-Hispanic alone,471,465,326,69.3,2.9,70.2,2.9,224,47.7,3.1,48.3,3.1,2014
DELAWARE,Black alone,147,138,91,61.9,6.5,66.1,6.6,59,40.3,6.6,43,6.9,2014
DELAWARE,Asian alone,32,20,4,NA,NA,NA,NA,3,NA,NA,NA,NA,2014
DELAWARE,Hispanic (of any race),56,31,14,NA,NA,NA,NA,5,NA,NA,NA,NA,2014
DELAWARE,White alone or in combination,523,496,344,65.7,2.8,69.2,2.8,234,44.7,2.9,47.2,3,2014
DELAWARE,Black alone or in combination,157,146,98,62.4,6.3,67,6.4,64,40.7,6.4,43.7,6.7,2014
DELAWARE,Asian alone or in combination,33,20,5,NA,NA,NA,NA,3,NA,NA,NA,NA,2014
DISTRICT OF COLUMBIA,Total,538,480,353,65.6,2.4,73.5,2.4,247,45.8,2.6,51.4,2.7,2014
DISTRICT OF COLUMBIA,Male,249,219,165,66.2,3.6,75.3,3.5,118,47.1,3.8,53.6,4,2014
DISTRICT OF COLUMBIA,Female,289,261,188,65.1,3.3,71.9,3.3,129,44.8,3.5,49.5,3.7,2014
DISTRICT OF COLUMBIA,White alone,251,220,176,70.1,3.4,79.7,3.2,123,49.1,3.8,55.8,4,2014
DISTRICT OF COLUMBIA,White non-Hispanic alone,213,202,162,76.3,3.5,80.6,3.3,113,53.3,4.1,56.2,4.2,2014
DISTRICT OF COLUMBIA,Black alone,248,235,164,66.1,4.3,69.7,4.3,114,46.1,4.6,48.6,4.7,2014
DISTRICT OF COLUMBIA,Asian alone,21,10,5,NA,NA,NA,NA,2,NA,NA,NA,NA,2014
DISTRICT OF COLUMBIA,Hispanic (of any race),53,28,19,NA,NA,NA,NA,13,NA,NA,NA,NA,2014
DISTRICT OF COLUMBIA,White alone or in combination,262,231,182,69.7,3.4,79,3.2,128,48.9,3.7,55.4,3.9,2014
DISTRICT OF COLUMBIA,Black alone or in combination,259,244,169,65.3,4.3,69.3,4.3,119,45.9,4.5,48.8,4.6,2014
DISTRICT OF COLUMBIA,Asian alone or in combination,25,13,7,NA,NA,NA,NA,3,NA,NA,NA,NA,2014
FLORIDA,Total,15414,13879,8691,56.4,1.2,62.6,1.2,6220,40.4,1.2,44.8,1.3,2014
FLORIDA,Male,7335,6551,4008,54.6,1.7,61.2,1.8,2840,38.7,1.7,43.4,1.8,2014
FLORIDA,Female,8079,7327,4683,58,1.6,63.9,1.7,3380,41.8,1.6,46.1,1.7,2014
FLORIDA,White alone,12507,11266,7010,56.1,1.3,62.2,1.4,5071,40.6,1.3,45,1.4,2014
FLORIDA,White non-Hispanic alone,9134,8922,5596,61.3,1.5,62.7,1.5,4237,46.4,1.6,47.5,1.6,2014
FLORIDA,Black alone,2331,2112,1358,58.2,3.7,64.3,3.8,929,39.8,3.6,44,3.9,2014
FLORIDA,Asian alone,374,299,184,49,9.7,61.5,10.6,128,34.3,9.2,43,10.8,2014
FLORIDA,Hispanic (of any race),3530,2480,1493,42.3,3.9,60.2,4.6,892,25.3,3.4,36,4.5,2014
FLORIDA,White alone or in combination,12646,11406,7101,56.2,1.3,62.3,1.3,5127,40.5,1.3,45,1.4,2014
FLORIDA,Black alone or in combination,2401,2182,1386,57.7,3.6,63.5,3.7,948,39.5,3.6,43.5,3.8,2014
FLORIDA,Asian alone or in combination,407,331,206,50.5,9.3,62.1,10,143,35.2,8.9,43.2,10.2,2014
GEORGIA,Total,7306,6759,4306,58.9,1.7,63.7,1.8,2919,40,1.7,43.2,1.8,2014
GEORGIA,Male,3458,3143,1959,56.7,2.5,62.3,2.6,1297,37.5,2.5,41.3,2.7,2014
GEORGIA,Female,3848,3616,2347,61,2.4,64.9,2.4,1622,42.2,2.4,44.9,2.5,2014
GEORGIA,White alone,4569,4236,2764,60.5,2.2,65.3,2.2,1866,40.8,2.2,44,2.3,2014
GEORGIA,White non-Hispanic alone,4142,4097,2708,65.4,2.2,66.1,2.2,1835,44.3,2.3,44.8,2.3,2014
GEORGIA,Black alone,2199,2150,1339,60.9,3.8,62.3,3.8,925,42.1,3.9,43,3.9,2014
GEORGIA,Asian alone,388,242,108,27.7,8.7,44.5,12.2,62,16,7.1,25.7,10.7,2014
GEORGIA,Hispanic (of any race),508,207,99,19.6,8.4,48.1,16.5,62,12.1,6.9,29.8,15.1,2014
GEORGIA,White alone or in combination,4655,4317,2826,60.7,2.2,65.4,2.2,1901,40.8,2.2,44,2.3,2014
GEORGIA,Black alone or in combination,2272,2224,1385,61,3.7,62.3,3.8,968,42.6,3.8,43.5,3.8,2014
GEORGIA,Asian alone or in combination,413,267,133,32.1,8.8,49.7,11.7,71,17.1,7.1,26.5,10.3,2014
HAWAII,Total,1035,956,490,47.4,2.5,51.3,2.6,399,38.6,2.4,41.8,2.6,2014
HAWAII,Male,502,475,243,48.4,3.6,51.2,3.7,197,39.2,3.5,41.4,3.6,2014
HAWAII,Female,533,481,247,46.4,3.5,51.4,3.7,202,38,3.4,42.1,3.6,2014
HAWAII,White alone,228,217,117,51.6,5.3,54.2,5.5,95,41.8,5.3,44,5.4,2014
HAWAII,White non-Hispanic alone,211,201,110,52.1,5.5,54.6,5.7,91,43,5.5,45.1,5.7,2014
HAWAII,Black alone,19,18,8,NA,NA,NA,NA,7,NA,NA,NA,NA,2014
HAWAII,Asian alone,482,428,228,47.2,4.6,53.2,4.9,196,40.6,4.6,45.8,4.9,2014
HAWAII,Hispanic (of any race),64,62,31,NA,NA,NA,NA,21,NA,NA,NA,NA,2014
HAWAII,White alone or in combination,352,340,189,53.7,4.3,55.5,4.3,146,41.3,4.2,42.8,4.3,2014
HAWAII,Black alone or in combination,26,25,10,NA,NA,NA,NA,7,NA,NA,NA,NA,2014
HAWAII,Asian alone or in combination,605,550,297,49.1,4.1,54.1,4.3,243,40.1,4.1,44.2,4.3,2014
IDAHO,Total,1182,1105,671,56.8,2.6,60.7,2.6,462,39.1,2.5,41.8,2.6,2014
IDAHO,Male,585,535,312,53.3,3.7,58.2,3.8,213,36.5,3.5,39.9,3.8,2014
IDAHO,Female,597,569,359,60.1,3.6,63.1,3.6,248,41.6,3.6,43.6,3.7,2014
IDAHO,White alone,1110,1044,648,58.4,2.6,62.1,2.7,452,40.7,2.6,43.3,2.7,2014
IDAHO,White non-Hispanic alone,963,951,625,64.9,2.7,65.8,2.7,435,45.2,2.8,45.8,2.9,2014
IDAHO,Black alone,10,10,1,NA,NA,NA,NA,NA,NA,NA,NA,NA,2014
IDAHO,Asian alone,20,12,4,NA,NA,NA,NA,2,NA,NA,NA,NA,2014
IDAHO,Hispanic (of any race),153,96,23,15.1,8.1,24,12.2,17,11.1,7.1,17.6,10.8,2014
IDAHO,White alone or in combination,1127,1060,658,58.4,2.6,62.1,2.6,458,40.7,2.6,43.2,2.7,2014
IDAHO,Black alone or in combination,15,15,3,NA,NA,NA,NA,NA,NA,NA,NA,NA,2014
IDAHO,Asian alone or in combination,22,14,7,NA,NA,NA,NA,2,NA,NA,NA,NA,2014
ILLINOIS,Total,9757,8951,5716,58.6,1.5,63.9,1.5,3734,38.3,1.5,41.7,1.6,2014
ILLINOIS,Male,4714,4239,2574,54.6,2.2,60.7,2.3,1730,36.7,2.1,40.8,2.3,2014
ILLINOIS,Female,5042,4712,3142,62.3,2.1,66.7,2.1,2004,39.7,2.1,42.5,2.2,2014
ILLINOIS,White alone,7648,7097,4673,61.1,1.7,65.9,1.7,3070,40.1,1.7,43.3,1.8,2014
ILLINOIS,White non-Hispanic alone,6382,6237,4269,66.9,1.8,68.4,1.8,2857,44.8,1.9,45.8,1.9,2014
ILLINOIS,Black alone,1348,1329,768,57,4.9,57.8,5,535,39.7,4.9,40.2,4.9,2014
ILLINOIS,Asian alone,616,396,167,27.1,6.8,42.2,9.5,73,11.9,5,18.5,7.5,2014
ILLINOIS,Hispanic (of any race),1316,892,410,31.1,6.1,45.9,7.9,218,16.6,4.9,24.4,6.8,2014
ILLINOIS,White alone or in combination,7739,7176,4743,61.3,1.7,66.1,1.7,3102,40.1,1.7,43.2,1.8,2014
ILLINOIS,Black alone or in combination,1387,1368,801,57.7,4.9,58.6,4.9,558,40.2,4.8,40.8,4.9,2014
ILLINOIS,Asian alone or in combination,659,427,192,29.2,6.8,45,9.2,78,11.8,4.8,18.2,7.1,2014
INDIANA,Total,4913,4693,3048,62,2.1,64.9,2.1,1646,33.5,2,35.1,2.1,2014
INDIANA,Male,2357,2244,1426,60.5,3,63.5,3,795,33.7,2.9,35.4,3,2014
INDIANA,Female,2556,2449,1622,63.5,2.9,66.2,2.9,850,33.3,2.8,34.7,2.9,2014
INDIANA,White alone,4365,4212,2788,63.9,2.2,66.2,2.2,1498,34.3,2.2,35.6,2.2,2014
INDIANA,White non-Hispanic alone,4062,4042,2715,66.8,2.2,67.2,2.2,1463,36,2.3,36.2,2.3,2014
INDIANA,Black alone,395,385,226,57.4,9,58.8,9.1,143,36.4,8.8,37.3,8.9,2014
INDIANA,Asian alone,95,38,4,NA,NA,NA,NA,NA,NA,NA,NA,NA,2014
INDIANA,Hispanic (of any race),314,180,78,24.8,11.5,43.1,17.4,35,11.2,8.4,19.4,13.9,2014
INDIANA,White alone or in combination,4395,4242,2801,63.7,2.2,66,2.2,1502,34.2,2.1,35.4,2.2,2014
INDIANA,Black alone or in combination,420,410,240,57.1,8.8,58.4,8.8,147,35.1,8.5,35.9,8.6,2014
INDIANA,Asian alone or in combination,99,42,4,NA,NA,NA,NA,NA,NA,NA,NA,NA,2014
IOWA,Total,2336,2275,1584,67.8,2.4,69.6,2.4,1203,51.5,2.6,52.9,2.6,2014
IOWA,Male,1154,1120,755,65.4,3.5,67.4,3.5,569,49.3,3.6,50.8,3.7,2014
IOWA,Female,1182,1155,829,70.2,3.3,71.8,3.3,634,53.7,3.6,54.9,3.6,2014
IOWA,White alone,2171,2146,1515,69.8,2.4,70.6,2.4,1154,53.1,2.7,53.7,2.7,2014
IOWA,White non-Hispanic alone,2099,2096,1496,71.3,2.4,71.4,2.4,1143,54.5,2.7,54.5,2.7,2014
IOWA,Black alone,69,61,31,NA,NA,NA,NA,20,NA,NA,NA,NA,2014
IOWA,Asian alone,54,33,17,NA,NA,NA,NA,12,NA,NA,NA,NA,2014
IOWA,Hispanic (of any race),81,52,21,NA,NA,NA,NA,11,NA,NA,NA,NA,2014
IOWA,White alone or in combination,2197,2169,1532,69.7,2.4,70.6,2.4,1167,53.1,2.6,53.8,2.7,2014
IOWA,Black alone or in combination,84,75,38,45,16.3,50.1,17.3,22,26.9,14.5,29.9,15.9,2014
IOWA,Asian alone or in combination,60,39,21,NA,NA,NA,NA,16,NA,NA,NA,NA,2014
KANSAS,Total,2125,1993,1353,63.7,2.6,67.9,2.6,962,45.3,2.7,48.3,2.8,2014
KANSAS,Male,1037,956,635,61.2,3.8,66.4,3.9,453,43.7,3.9,47.4,4.1,2014
KANSAS,Female,1088,1037,718,66,3.6,69.2,3.6,509,46.8,3.8,49.1,3.9,2014
KANSAS,White alone,1853,1770,1220,65.8,2.8,68.9,2.8,873,47.1,2.9,49.3,3,2014
KANSAS,White non-Hispanic alone,1673,1671,1170,69.9,2.8,70,2.8,838,50.1,3.1,50.1,3.1,2014
KANSAS,Black alone,129,122,73,56.3,13.3,59.8,13.6,53,40.8,13.2,43.3,13.7,2014
KANSAS,Asian alone,76,45,30,NA,NA,NA,NA,22,NA,NA,NA,NA,2014
KANSAS,Hispanic (of any race),216,125,70,32.4,12.6,55.8,17.6,44,20.5,10.9,35.3,17,2014
KANSAS,White alone or in combination,1892,1799,1234,65.3,2.8,68.6,2.8,879,46.5,2.9,48.9,3,2014
KANSAS,Black alone or in combination,139,131,75,53.7,12.9,56.8,13.2,54,39.2,12.7,41.5,13.2,2014
KANSAS,Asian alone or in combination,84,53,34,NA,NA,NA,NA,25,NA,NA,NA,NA,2014
KENTUCKY,Total,3323,3207,2298,69.2,2.4,71.6,2.4,1525,45.9,2.6,47.5,2.7,2014
KENTUCKY,Male,1597,1532,1091,68.3,3.5,71.2,3.5,754,47.2,3.8,49.2,3.9,2014
KENTUCKY,Female,1725,1675,1207,70,3.3,72.1,3.3,770,44.6,3.6,46,3.7,2014
KENTUCKY,White alone,2943,2870,2059,70,2.6,71.8,2.5,1367,46.4,2.8,47.6,2.8,2014
KENTUCKY,White non-Hispanic alone,2842,2821,2031,71.5,2.6,72,2.6,1349,47.5,2.8,47.8,2.8,2014
KENTUCKY,Black alone,271,263,184,67.7,10.4,70,10.4,117,43.2,11,44.7,11.2,2014
KENTUCKY,Asian alone,53,26,23,NA,NA,NA,NA,23,NA,NA,NA,NA,2014
KENTUCKY,Hispanic (of any race),113,55,34,NA,NA,NA,NA,23,NA,NA,NA,NA,2014
KENTUCKY,White alone or in combination,2985,2912,2089,70,2.5,71.7,2.5,1382,46.3,2.8,47.5,2.8,2014
KENTUCKY,Black alone or in combination,295,286,198,66.9,10,69,10,123,41.6,10.5,42.9,10.7,2014
KENTUCKY,Asian alone or in combination,53,26,23,NA,NA,NA,NA,23,NA,NA,NA,NA,2014
LOUISIANA,Total,3450,3342,2398,69.5,2.3,71.7,2.3,1677,48.6,2.5,50.2,2.5,2014
LOUISIANA,Male,1645,1583,1108,67.3,3.3,70,3.3,768,46.7,3.6,48.5,3.6,2014
LOUISIANA,Female,1805,1759,1290,71.5,3.1,73.4,3,908,50.3,3.4,51.7,3.4,2014
LOUISIANA,White alone,2250,2170,1596,70.9,2.8,73.5,2.7,1094,48.6,3,50.4,3.1,2014
LOUISIANA,White non-Hispanic alone,2094,2080,1543,73.7,2.8,74.2,2.8,1065,50.8,3.2,51.2,3.2,2014
LOUISIANA,Black alone,1042,1034,729,70,5,70.5,5,533,51.2,5.4,51.6,5.4,2014
LOUISIANA,Asian alone,82,62,24,NA,NA,NA,NA,13,NA,NA,NA,NA,2014
LOUISIANA,Hispanic (of any race),165,100,57,34.4,16.8,56.7,22.5,31,19,13.9,31.3,21,2014
LOUISIANA,White alone or in combination,2280,2200,1616,70.9,2.8,73.4,2.7,1109,48.7,3,50.4,3.1,2014
LOUISIANA,Black alone or in combination,1072,1063,752,70.2,4.9,70.7,4.9,552,51.5,5.3,51.9,5.4,2014
LOUISIANA,Asian alone or in combination,85,64,24,NA,NA,NA,NA,13,NA,NA,NA,NA,2014
MAINE,Total,1061,1045,799,75.4,2.4,76.5,2.4,642,60.5,2.7,61.5,2.7,2014
MAINE,Male,512,503,373,73,3.6,74.2,3.6,302,59,4,60,4,2014
MAINE,Female,549,541,426,77.6,3.2,78.7,3.2,340,61.9,3.8,62.8,3.8,2014
MAINE,White alone,1009,1002,771,76.4,2.4,76.9,2.4,616,61.1,2.8,61.5,2.8,2014
MAINE,White non-Hispanic alone,999,992,766,76.7,2.4,77.3,2.4,613,61.4,2.8,61.8,2.8,2014
MAINE,Black alone,9,7,5,NA,NA,NA,NA,3,NA,NA,NA,NA,2014
MAINE,Asian alone,11,3,2,NA,NA,NA,NA,2,NA,NA,NA,NA,2014
MAINE,Hispanic (of any race),10,10,4,NA,NA,NA,NA,3,NA,NA,NA,NA,2014
MAINE,White alone or in combination,1036,1029,790,76.2,2.4,76.7,2.4,635,61.3,2.8,61.7,2.8,2014
MAINE,Black alone or in combination,19,17,11,NA,NA,NA,NA,10,NA,NA,NA,NA,2014
MAINE,Asian alone or in combination,13,5,3,NA,NA,NA,NA,3,NA,NA,NA,NA,2014
MARYLAND,Total,4542,4148,2995,65.9,2.2,72.2,2.1,2028,44.7,2.3,48.9,2.4,2014
MARYLAND,Male,2135,1947,1378,64.6,3.2,70.8,3.2,938,43.9,3.3,48.2,3.5,2014
MARYLAND,Female,2407,2201,1617,67.2,2.9,73.5,2.9,1090,45.3,3.1,49.6,3.3,2014
MARYLAND,White alone,2752,2613,1941,70.5,2.7,74.3,2.6,1345,48.9,2.9,51.5,3,2014
MARYLAND,White non-Hispanic alone,2508,2480,1857,74.1,2.7,74.9,2.7,1300,51.8,3.1,52.4,3.1,2014
MARYLAND,Black alone,1325,1208,856,64.6,4.9,70.8,4.8,581,43.8,5.1,48.1,5.3,2014
MARYLAND,Asian alone,343,231,135,39.4,10.2,58.4,12.5,69,20.2,8.4,30,11.7,2014
MARYLAND,Hispanic (of any race),332,189,120,36.1,12.7,63.6,16.9,58,17.5,10,30.8,16.2,2014
MARYLAND,White alone or in combination,2824,2659,1983,70.2,2.6,74.6,2.6,1363,48.2,2.9,51.2,3,2014
MARYLAND,Black alone or in combination,1353,1236,875,64.7,4.8,70.8,4.8,589,43.5,5,47.6,5.3,2014
MARYLAND,Asian alone or in combination,365,253,152,41.7,10,60.2,11.9,79,21.6,8.3,31.2,11.3,2014
MASSACHUSETTS,Total,5279,4815,3250,61.6,2,67.5,2,2259,42.8,2,46.9,2.1,2014
MASSACHUSETTS,Male,2504,2241,1485,59.3,2.9,66.3,3,1036,41.4,2.9,46.2,3.1,2014
MASSACHUSETTS,Female,2775,2574,1765,63.6,2.7,68.6,2.7,1223,44.1,2.8,47.5,2.9,2014
MASSACHUSETTS,White alone,4441,4205,2980,67.1,2.1,70.9,2.1,2117,47.7,2.2,50.4,2.3,2014
MASSACHUSETTS,White non-Hispanic alone,4113,3969,2860,69.5,2.1,72.1,2.1,2073,50.4,2.3,52.2,2.4,2014
MASSACHUSETTS,Black alone,408,310,141,34.6,8.5,45.4,10.2,80,19.6,7.1,25.7,9,2014
MASSACHUSETTS,Asian alone,325,214,85,26.2,9.2,39.8,12.6,37,11.5,6.7,17.4,9.8,2014
MASSACHUSETTS,Hispanic (of any race),462,312,155,33.6,10.3,49.7,13.3,53,11.5,7,17,10,2014
MASSACHUSETTS,White alone or in combination,4513,4268,3013,66.8,2.1,70.6,2.1,2137,47.3,2.2,50.1,2.3,2014
MASSACHUSETTS,Black alone or in combination,454,348,160,35.3,8.1,46,9.7,87,19.2,6.7,25,8.4,2014
MASSACHUSETTS,Asian alone or in combination,345,234,94,27.2,9,40.1,12.1,46,13.3,6.9,19.7,9.8,2014
MICHIGAN,Total,7576,7246,5159,68.1,1.6,71.2,1.6,3416,45.1,1.7,47.1,1.8,2014
MICHIGAN,Male,3615,3456,2397,66.3,2.4,69.4,2.4,1551,42.9,2.5,44.9,2.5,2014
MICHIGAN,Female,3961,3791,2762,69.7,2.2,72.9,2.2,1864,47.1,2.4,49.2,2.4,2014
MICHIGAN,White alone,6164,5965,4280,69.4,1.8,71.7,1.8,2875,46.6,1.9,48.2,1.9,2014
MICHIGAN,White non-Hispanic alone,5836,5720,4128,70.7,1.8,72.2,1.8,2808,48.1,2,49.1,2,2014
MICHIGAN,Black alone,979,965,685,70,5.3,71,5.3,438,44.8,5.8,45.4,5.8,2014
MICHIGAN,Asian alone,277,177,86,31.2,10.6,48.9,14.3,51,18.4,8.9,28.8,13,2014
MICHIGAN,Hispanic (of any race),395,295,179,45.3,11.8,60.6,13.5,82,20.8,9.7,27.8,12.3,2014
MICHIGAN,White alone or in combination,6243,6045,4344,69.6,1.8,71.9,1.7,2905,46.5,1.9,48.1,1.9,2014
MICHIGAN,Black alone or in combination,1026,1012,714,69.6,5.2,70.6,5.2,455,44.4,5.7,45,5.7,2014
MICHIGAN,Asian alone or in combination,291,191,93,32.1,10.4,49,13.8,58,19.9,8.9,30.4,12.7,2014
MINNESOTA,Total,4104,3933,2822,68.8,2.2,71.8,2.2,2047,49.9,2.4,52,2.4,2014
MINNESOTA,Male,2007,1924,1346,67.1,3.2,70,3.2,974,48.5,3.4,50.6,3.4,2014
MINNESOTA,Female,2097,2009,1476,70.4,3,73.5,3,1073,51.2,3.3,53.4,3.4,2014
MINNESOTA,White alone,3670,3579,2667,72.7,2.2,74.5,2.2,1958,53.4,2.5,54.7,2.5,2014
MINNESOTA,White non-Hispanic alone,3538,3517,2623,74.1,2.2,74.6,2.2,1925,54.4,2.5,54.7,2.5,2014
MINNESOTA,Black alone,196,155,83,42.5,12.9,53.6,14.7,34,17.2,9.9,21.7,12.1,2014
MINNESOTA,Asian alone,112,78,34,30.5,16.7,43.7,21.5,29,25.9,15.8,37.1,20.9,2014
MINNESOTA,Hispanic (of any race),183,100,48,26.2,15.5,47.8,23.7,34,18.4,13.6,33.5,22.4,2014
MINNESOTA,White alone or in combination,3715,3624,2688,72.4,2.2,74.2,2.2,1969,53,2.5,54.3,2.5,2014
MINNESOTA,Black alone or in combination,220,179,99,45.3,12.3,55.5,13.6,40,18,9.5,22,11.3,2014
MINNESOTA,Asian alone or in combination,119,85,36,30.3,16.1,42.4,20.5,31,26,15.4,36.3,20,2014
MISSISSIPPI,Total,2182,2142,1628,74.6,2.2,76,2.2,907,41.6,2.5,42.3,2.5,2014
MISSISSIPPI,Male,1028,1008,740,72,3.3,73.4,3.3,413,40.2,3.6,41,3.7,2014
MISSISSIPPI,Female,1154,1135,888,77,2.9,78.3,2.9,493,42.8,3.4,43.5,3.5,2014
MISSISSIPPI,White alone,1352,1326,964,71.3,2.9,72.6,2.9,536,39.7,3.1,40.4,3.2,2014
MISSISSIPPI,White non-Hispanic alone,1308,1303,948,72.5,2.9,72.8,2.9,525,40.2,3.2,40.3,3.2,2014
MISSISSIPPI,Black alone,769,768,639,83.2,3.9,83.3,3.9,357,46.4,5.2,46.5,5.2,2014
MISSISSIPPI,Asian alone,27,21,5,NA,NA,NA,NA,1,NA,NA,NA,NA,2014
MISSISSIPPI,Hispanic (of any race),60,32,17,NA,NA,NA,NA,13,NA,NA,NA,NA,2014
MISSISSIPPI,White alone or in combination,1377,1344,975,70.8,2.9,72.5,2.9,540,39.2,3.1,40.2,3.2,2014
MISSISSIPPI,Black alone or in combination,779,773,644,82.6,3.9,83.2,3.8,361,46.3,5.1,46.6,5.1,2014
MISSISSIPPI,Asian alone or in combination,33,28,11,NA,NA,NA,NA,3,NA,NA,NA,NA,2014
MISSOURI,Total,4505,4429,3194,70.9,2.1,72.1,2.1,1713,38,2.2,38.7,2.2,2014
MISSOURI,Male,2172,2144,1514,69.7,3,70.6,3,863,39.7,3.2,40.3,3.2,2014
MISSOURI,Female,2333,2285,1680,72,2.8,73.5,2.8,850,36.4,3,37.2,3.1,2014
MISSOURI,White alone,3861,3814,2788,72.2,2.2,73.1,2.2,1497,38.8,2.4,39.2,2.4,2014
MISSOURI,White non-Hispanic alone,3779,3773,2766,73.2,2.2,73.3,2.2,1487,39.4,2.4,39.4,2.4,2014
MISSOURI,Black alone,485,479,325,67.1,7.9,67.9,7.9,177,36.5,8.1,37,8.1,2014
MISSOURI,Asian alone,76,53,39,NA,NA,NA,NA,13,NA,NA,NA,NA,2014
MISSOURI,Hispanic (of any race),88,47,28,NA,NA,NA,NA,15,NA,NA,NA,NA,2014
MISSOURI,White alone or in combination,3917,3870,2817,71.9,2.2,72.8,2.2,1510,38.6,2.4,39,2.4,2014
MISSOURI,Black alone or in combination,508,503,344,67.7,7.7,68.5,7.7,187,36.7,7.9,37.1,8,2014
MISSOURI,Asian alone or in combination,93,70,48,NA,NA,NA,NA,18,NA,NA,NA,NA,2014
MONTANA,Total,788,782,506,64.3,2.2,64.8,2.2,391,49.7,2.3,50.1,2.4,2014
MONTANA,Male,392,389,250,63.7,3.2,64.2,3.2,191,48.7,3.3,49,3.3,2014
MONTANA,Female,396,393,257,64.8,3.2,65.4,3.2,201,50.7,3.3,51.1,3.3,2014
MONTANA,White alone,728,725,483,66.4,2.3,66.6,2.3,380,52.2,2.4,52.4,2.4,2014
MONTANA,White non-Hispanic alone,714,711,473,66.3,2.3,66.5,2.3,372,52.2,2.5,52.4,2.5,2014
MONTANA,Black alone,3,3,3,NA,NA,NA,NA,NA,NA,NA,NA,NA,2014
MONTANA,Asian alone,5,2,2,NA,NA,NA,NA,2,NA,NA,NA,NA,2014
MONTANA,Hispanic (of any race),16,16,11,NA,NA,NA,NA,8,NA,NA,NA,NA,2014
MONTANA,White alone or in combination,742,739,486,65.5,2.3,65.8,2.3,382,51.5,2.4,51.7,2.4,2014
MONTANA,Black alone or in combination,3,3,3,NA,NA,NA,NA,NA,NA,NA,NA,NA,2014
MONTANA,Asian alone or in combination,5,2,2,NA,NA,NA,NA,2,NA,NA,NA,NA,2014
NEBRASKA,Total,1400,1306,873,62.4,2.6,66.9,2.6,579,41.4,2.6,44.3,2.8,2014
NEBRASKA,Male,688,635,415,60.3,3.7,65.3,3.8,286,41.6,3.8,45.1,4,2014
NEBRASKA,Female,712,671,459,64.4,3.6,68.3,3.6,293,41.1,3.7,43.6,3.8,2014
NEBRASKA,White alone,1295,1222,826,63.8,2.7,67.6,2.7,552,42.6,2.8,45.2,2.9,2014
NEBRASKA,White non-Hispanic alone,1165,1160,803,69,2.7,69.2,2.7,541,46.5,2.9,46.6,2.9,2014
NEBRASKA,Black alone,55,53,36,NA,NA,NA,NA,21,NA,NA,NA,NA,2014
NEBRASKA,Asian alone,22,7,3,NA,NA,NA,NA,NA,NA,NA,NA,NA,2014
NEBRASKA,Hispanic (of any race),135,65,26,NA,NA,NA,NA,13,NA,NA,NA,NA,2014
NEBRASKA,White alone or in combination,1306,1232,830,63.6,2.7,67.4,2.7,555,42.5,2.7,45,2.8,2014
NEBRASKA,Black alone or in combination,65,62,36,NA,NA,NA,NA,21,NA,NA,NA,NA,2014
NEBRASKA,Asian alone or in combination,22,7,3,NA,NA,NA,NA,NA,NA,NA,NA,NA,2014
NEVADA,Total,2128,1858,1088,51.1,2.6,58.5,2.7,693,32.6,2.4,37.3,2.7,2014
NEVADA,Male,1055,924,524,49.7,3.7,56.7,3.9,348,33,3.4,37.6,3.8,2014
NEVADA,Female,1073,934,564,52.5,3.6,60.4,3.8,345,32.2,3.4,37,3.8,2014
NEVADA,White alone,1571,1388,846,53.8,3,61,3.1,573,36.5,2.9,41.3,3.1,2014
NEVADA,White non-Hispanic alone,1143,1106,690,60.4,3.4,62.4,3.5,488,42.7,3.5,44.1,3.6,2014
NEVADA,Black alone,193,191,124,64.6,9.9,65.2,10,61,31.6,9.7,31.9,9.7,2014
NEVADA,Asian alone,181,130,49,27.2,10,38,12.8,25,14,7.8,19.6,10.5,2014
NEVADA,Hispanic (of any race),527,351,189,35.9,7.8,53.9,10,97,18.4,6.3,27.6,8.9,2014
NEVADA,White alone or in combination,1626,1424,862,53,2.9,60.5,3.1,585,36,2.8,41.1,3.1,2014
NEVADA,Black alone or in combination,203,201,131,64.7,9.7,65.3,9.7,62,30.6,9.3,30.9,9.4,2014
NEVADA,Asian alone or in combination,193,142,59,30.6,10,41.8,12.5,30,15.7,7.9,21.4,10.4,2014
NEW HAMPSHIRE,Total,1047,1015,694,66.3,2.4,68.3,2.4,509,48.6,2.6,50.2,2.6,2014
NEW HAMPSHIRE,Male,512,498,331,64.6,3.5,66.5,3.5,246,48.1,3.7,49.5,3.7,2014
NEW HAMPSHIRE,Female,535,517,363,67.8,3.4,70.1,3.3,263,49.2,3.6,50.8,3.7,2014
NEW HAMPSHIRE,White alone,996,977,669,67.1,2.5,68.5,2.5,490,49.2,2.6,50.2,2.7,2014
NEW HAMPSHIRE,White non-Hispanic alone,974,957,655,67.2,2.5,68.4,2.5,480,49.3,2.7,50.2,2.7,2014
NEW HAMPSHIRE,Black alone,15,12,7,NA,NA,NA,NA,4,NA,NA,NA,NA,2014
NEW HAMPSHIRE,Asian alone,23,13,7,NA,NA,NA,NA,6,NA,NA,NA,NA,2014
NEW HAMPSHIRE,Hispanic (of any race),23,21,15,NA,NA,NA,NA,10,NA,NA,NA,NA,2014
NEW HAMPSHIRE,White alone or in combination,1006,986,676,67.3,2.5,68.6,2.5,496,49.4,2.6,50.3,2.6,2014
NEW HAMPSHIRE,Black alone or in combination,18,15,9,NA,NA,NA,NA,6,NA,NA,NA,NA,2014
NEW HAMPSHIRE,Asian alone or in combination,25,15,9,NA,NA,NA,NA,7,NA,NA,NA,NA,2014
NEW JERSEY,Total,6820,5909,3919,57.5,1.8,66.3,1.9,2151,31.5,1.7,36.4,1.9,2014
NEW JERSEY,Male,3277,2825,1808,55.2,2.6,64,2.7,969,29.6,2.4,34.3,2.7,2014
NEW JERSEY,Female,3543,3084,2112,59.6,2.5,68.5,2.5,1182,33.4,2.4,38.3,2.6,2014
NEW JERSEY,White alone,5146,4645,3161,61.4,2,68,2.1,1771,34.4,2,38.1,2.1,2014
NEW JERSEY,White non-Hispanic alone,4036,3912,2705,67,2.2,69.1,2.2,1527,37.8,2.3,39,2.3,2014
NEW JERSEY,Black alone,953,779,496,52,5.9,63.6,6.3,276,29,5.4,35.4,6.2,2014
NEW JERSEY,Asian alone,641,425,226,35.3,7.2,53.2,9.2,82,12.9,5,19.4,7.3,2014
NEW JERSEY,Hispanic (of any race),1229,805,497,40.4,6.6,61.7,8.1,274,22.3,5.6,34.1,7.9,2014
NEW JERSEY,White alone or in combination,5194,4682,3183,61.3,2,68,2.1,1782,34.3,2,38.1,2.1,2014
NEW JERSEY,Black alone or in combination,972,798,511,52.5,5.8,64,6.2,276,28.4,5.3,34.6,6.1,2014
NEW JERSEY,Asian alone or in combination,655,438,237,36.2,7.1,54.1,9.1,93,14.3,5.2,21.3,7.4,2014
NEW MEXICO,Total,1536,1417,919,59.9,2.3,64.9,2.4,646,42.1,2.3,45.6,2.5,2014
NEW MEXICO,Male,739,676,433,58.7,3.4,64.1,3.4,304,41.1,3.4,44.9,3.6,2014
NEW MEXICO,Female,797,740,486,61,3.2,65.6,3.3,342,42.9,3.3,46.2,3.4,2014
NEW MEXICO,White alone,1234,1125,753,61,2.6,66.9,2.6,546,44.2,2.6,48.5,2.8,2014
NEW MEXICO,White non-Hispanic alone,674,661,479,71,3.3,72.4,3.2,374,55.5,3.6,56.5,3.6,2014
NEW MEXICO,Black alone,40,39,28,NA,NA,NA,NA,8,NA,NA,NA,NA,2014
NEW MEXICO,Asian alone,33,26,13,NA,NA,NA,NA,11,NA,NA,NA,NA,2014
NEW MEXICO,Hispanic (of any race),601,503,302,50.2,6,60,6.4,179,29.8,5.5,35.6,6.3,2014
NEW MEXICO,White alone or in combination,1254,1144,761,60.7,2.6,66.5,2.6,553,44.1,2.6,48.3,2.8,2014
NEW MEXICO,Black alone or in combination,47,46,30,NA,NA,NA,NA,10,NA,NA,NA,NA,2014
NEW MEXICO,Asian alone or in combination,35,28,13,NA,NA,NA,NA,11,NA,NA,NA,NA,2014
NEW YORK,Total,15274,13611,8078,52.9,1.2,59.4,1.3,4680,30.6,1.1,34.4,1.2,2014
NEW YORK,Male,7294,6460,3679,50.4,1.8,56.9,1.9,2131,29.2,1.6,33,1.8,2014
NEW YORK,Female,7980,7150,4399,55.1,1.7,61.5,1.8,2548,31.9,1.6,35.6,1.7,2014
NEW YORK,White alone,11147,10287,6185,55.5,1.4,60.1,1.5,3683,33,1.4,35.8,1.4,2014
NEW YORK,White non-Hispanic alone,9385,8994,5471,58.3,1.6,60.8,1.6,3321,35.4,1.5,36.9,1.6,2014
NEW YORK,Black alone,2581,2211,1385,53.7,3.6,62.6,3.8,762,29.5,3.3,34.5,3.7,2014
NEW YORK,Asian alone,1206,807,366,30.4,5.1,45.4,6.8,156,13,3.7,19.3,5.4,2014
NEW YORK,Hispanic (of any race),2394,1784,995,41.6,4.8,55.8,5.7,502,21,4,28.1,5.1,2014
NEW YORK,White alone or in combination,11351,10476,6262,55.2,1.4,59.8,1.5,3730,32.9,1.4,35.6,1.4,2014
NEW YORK,Black alone or in combination,2734,2342,1454,53.2,3.5,62.1,3.7,799,29.2,3.2,34.1,3.6,2014
NEW YORK,Asian alone or in combination,1269,867,392,30.9,5,45.2,6.5,175,13.8,3.7,20.2,5.3,2014
NORTH CAROLINA,Total,7412,6857,4779,64.5,1.7,69.7,1.7,3170,42.8,1.8,46.2,1.8,2014
NORTH CAROLINA,Male,3510,3204,2178,62,2.5,68,2.5,1428,40.7,2.5,44.6,2.7,2014
NORTH CAROLINA,Female,3902,3654,2601,66.7,2.3,71.2,2.3,1742,44.6,2.4,47.7,2.5,2014
NORTH CAROLINA,White alone,5415,5004,3545,65.5,2,70.9,2,2325,42.9,2.1,46.5,2.2,2014
NORTH CAROLINA,White non-Hispanic alone,4878,4852,3461,71,2,71.3,2,2290,46.9,2.2,47.2,2.2,2014
NORTH CAROLINA,Black alone,1572,1527,1040,66.1,4.4,68.1,4.4,735,46.7,4.6,48.1,4.7,2014
NORTH CAROLINA,Asian alone,190,99,59,30.8,12.9,59.1,19,26,13.5,9.5,25.9,17,2014
NORTH CAROLINA,Hispanic (of any race),602,204,107,17.7,7.5,52.3,16.8,53,8.8,5.5,26,14.7,2014
NORTH CAROLINA,White alone or in combination,5492,5081,3598,65.5,2,70.8,1.9,2365,43.1,2,46.5,2.1,2014
NORTH CAROLINA,Black alone or in combination,1628,1583,1070,65.7,4.3,67.6,4.3,761,46.7,4.6,48.1,4.6,2014
NORTH CAROLINA,Asian alone or in combination,198,107,62,31.6,12.7,58.5,18.4,29,14.9,9.8,27.6,16.7,2014
NORTH DAKOTA,Total,567,547,363,64.1,2.4,66.4,2.4,279,49.2,2.5,51,2.5,2014
NORTH DAKOTA,Male,290,279,180,61.9,3.4,64.4,3.4,136,46.7,3.5,48.6,3.6,2014
NORTH DAKOTA,Female,276,268,183,66.3,3.4,68.5,3.4,143,51.8,3.6,53.5,3.6,2014
NORTH DAKOTA,White alone,516,508,345,66.8,2.5,67.9,2.5,266,51.5,2.6,52.3,2.6,2014
NORTH DAKOTA,White non-Hispanic alone,501,497,342,68.2,2.5,68.7,2.5,264,52.7,2.7,53.2,2.7,2014
NORTH DAKOTA,Black alone,10,6,2,NA,NA,NA,NA,2,NA,NA,NA,NA,2014
NORTH DAKOTA,Asian alone,10,3,1,NA,NA,NA,NA,1,NA,NA,NA,NA,2014
NORTH DAKOTA,Hispanic (of any race),19,14,5,NA,NA,NA,NA,2,NA,NA,NA,NA,2014
NORTH DAKOTA,White alone or in combination,526,517,351,66.7,2.4,67.8,2.4,270,51.4,2.6,52.3,2.6,2014
NORTH DAKOTA,Black alone or in combination,11,6,3,NA,NA,NA,NA,2,NA,NA,NA,NA,2014
NORTH DAKOTA,Asian alone or in combination,14,7,4,NA,NA,NA,NA,4,NA,NA,NA,NA,2014
OHIO,Total,8772,8509,5657,64.5,1.5,66.5,1.5,3378,38.5,1.6,39.7,1.6,2014
OHIO,Male,4197,4081,2640,62.9,2.2,64.7,2.3,1616,38.5,2.3,39.6,2.3,2014
OHIO,Female,4575,4428,3018,66,2.1,68.2,2.1,1762,38.5,2.2,39.8,2.2,2014
OHIO,White alone,7404,7289,4869,65.8,1.7,66.8,1.7,2898,39.1,1.7,39.8,1.7,2014
OHIO,White non-Hispanic alone,7235,7155,4787,66.2,1.7,66.9,1.7,2873,39.7,1.7,40.2,1.7,2014
OHIO,Black alone,1024,991,680,66.4,5.4,68.7,5.4,403,39.4,5.6,40.7,5.7,2014
OHIO,Asian alone,231,116,70,30.2,11.5,60.3,17.3,44,19.1,9.8,38.1,17.2,2014
OHIO,Hispanic (of any race),192,157,93,48.3,17.1,58.9,18.6,36,19,13.4,23.1,15.9,2014
OHIO,White alone or in combination,7501,7386,4892,65.2,1.7,66.2,1.7,2918,38.9,1.7,39.5,1.7,2014
OHIO,Black alone or in combination,1089,1055,695,63.8,5.3,65.8,5.3,414,38,5.4,39.2,5.5,2014
OHIO,Asian alone or in combination,259,144,80,30.7,10.9,55.3,15.8,54,20.8,9.6,37.5,15.4,2014
OKLAHOMA,Total,2851,2690,1644,57.7,2.7,61.1,2.7,920,32.3,2.5,34.2,2.7,2014
OKLAHOMA,Male,1394,1296,753,54.1,3.9,58.1,4,418,30,3.6,32.3,3.8,2014
OKLAHOMA,Female,1457,1394,890,61.1,3.7,63.9,3.7,502,34.4,3.6,36,3.7,2014
OKLAHOMA,White alone,2262,2149,1343,59.4,3,62.5,3,751,33.2,2.9,35,3,2014
OKLAHOMA,White non-Hispanic alone,2038,2027,1286,63.1,3.1,63.4,3.1,733,35.9,3.1,36.1,3.1,2014
OKLAHOMA,Black alone,192,190,96,49.7,12.7,50.3,12.8,56,29.2,11.5,29.6,11.6,2014
OKLAHOMA,Asian alone,65,24,17,NA,NA,NA,NA,8,NA,NA,NA,NA,2014
OKLAHOMA,Hispanic (of any race),267,156,84,31.3,12.9,53.8,18.2,28,10.5,8.6,18,14.1,2014
OKLAHOMA,White alone or in combination,2403,2290,1425,59.3,2.9,62.2,2.9,795,33.1,2.8,34.7,2.9,2014
OKLAHOMA,Black alone or in combination,203,200,100,49.4,12.3,50,12.4,59,29.1,11.2,29.5,11.3,2014
OKLAHOMA,Asian alone or in combination,71,30,21,NA,NA,NA,NA,10,NA,NA,NA,NA,2014
OREGON,Total,3078,2870,2008,65.2,2.5,70,2.5,1594,51.8,2.6,55.5,2.7,2014
OREGON,Male,1512,1394,950,62.8,3.6,68.1,3.6,741,49,3.7,53.2,3.9,2014
OREGON,Female,1566,1475,1058,67.6,3.4,71.7,3.4,852,54.4,3.6,57.8,3.7,2014
OREGON,White alone,2768,2608,1861,67.2,2.6,71.4,2.6,1510,54.5,2.7,57.9,2.8,2014
OREGON,White non-Hispanic alone,2475,2448,1770,71.5,2.6,72.3,2.6,1458,58.9,2.9,59.5,2.9,2014
OREGON,Black alone,56,50,29,NA,NA,NA,NA,14,NA,NA,NA,NA,2014
OREGON,Asian alone,123,99,47,38.7,16.1,48,18.4,24,19.7,13.1,24.4,15.8,2014
OREGON,Hispanic (of any race),322,184,106,33.1,11.9,57.7,16.5,62,19.2,10,33.6,15.8,2014
OREGON,White alone or in combination,2839,2675,1900,66.9,2.6,71,2.5,1537,54.1,2.7,57.5,2.8,2014
OREGON,Black alone or in combination,63,53,29,NA,NA,NA,NA,14,NA,NA,NA,NA,2014
OREGON,Asian alone or in combination,125,102,50,40,16,49.3,18.1,27,21.4,13.4,26.4,16,2014
PENNSYLVANIA,Total,9924,9511,6121,61.7,1.5,64.4,1.5,3803,38.3,1.5,40,1.5,2014
PENNSYLVANIA,Male,4779,4571,2845,59.5,2.1,62.2,2.2,1768,37,2.1,38.7,2.2,2014
PENNSYLVANIA,Female,5145,4940,3276,63.7,2,66.3,2,2035,39.6,2.1,41.2,2.1,2014
PENNSYLVANIA,White alone,8451,8291,5452,64.5,1.6,65.8,1.6,3375,39.9,1.6,40.7,1.6,2014
PENNSYLVANIA,White non-Hispanic alone,8015,7934,5252,65.5,1.6,66.2,1.6,3272,40.8,1.7,41.2,1.7,2014
PENNSYLVANIA,Black alone,1001,920,492,49.2,5.8,53.5,6,341,34.1,5.5,37.1,5.8,2014
PENNSYLVANIA,Asian alone,295,165,93,31.7,10.4,56.6,14.8,46,15.6,8.1,27.9,13.4,2014
PENNSYLVANIA,Hispanic (of any race),689,540,260,37.7,8.8,48.1,10.2,119,17.3,6.8,22.1,8.5,2014
PENNSYLVANIA,White alone or in combination,8600,8398,5519,64.2,1.6,65.7,1.6,3416,39.7,1.6,40.7,1.6,2014
PENNSYLVANIA,Black alone or in combination,1076,984,513,47.6,5.6,52.1,5.8,341,31.7,5.2,34.7,5.6,2014
PENNSYLVANIA,Asian alone or in combination,322,192,121,37.4,10.3,62.8,13.3,73,22.7,8.9,38.1,13.4,2014
RHODE ISLAND,Total,819,765,486,59.4,2.6,63.6,2.6,331,40.4,2.5,43.3,2.7,2014
RHODE ISLAND,Male,387,362,231,59.6,3.7,63.7,3.8,154,39.9,3.7,42.6,3.9,2014
RHODE ISLAND,Female,432,403,255,59.2,3.5,63.4,3.6,177,41,3.5,43.9,3.7,2014
RHODE ISLAND,White alone,717,680,451,62.9,2.7,66.3,2.7,311,43.4,2.8,45.7,2.8,2014
RHODE ISLAND,White non-Hispanic alone,659,647,434,65.8,2.7,67,2.7,302,45.8,2.9,46.6,2.9,2014
RHODE ISLAND,Black alone,55,47,28,NA,NA,NA,NA,16,NA,NA,NA,NA,2014
RHODE ISLAND,Asian alone,23,15,1,NA,NA,NA,NA,NA,NA,NA,NA,NA,2014
RHODE ISLAND,Hispanic (of any race),75,45,22,NA,NA,NA,NA,13,NA,NA,NA,NA,2014
RHODE ISLAND,White alone or in combination,736,697,455,61.9,2.7,65.3,2.7,313,42.6,2.7,44.9,2.8,2014
RHODE ISLAND,Black alone or in combination,69,61,32,NA,NA,NA,NA,18,NA,NA,NA,NA,2014
RHODE ISLAND,Asian alone or in combination,24,16,2,NA,NA,NA,NA,1,NA,NA,NA,NA,2014
SOUTH CAROLINA,Total,3667,3569,2458,67,2.3,68.9,2.3,1514,41.3,2.4,42.4,2.5,2014
SOUTH CAROLINA,Male,1730,1678,1132,65.5,3.4,67.5,3.4,699,40.4,3.5,41.6,3.6,2014
SOUTH CAROLINA,Female,1937,1891,1325,68.4,3.1,70.1,3.1,815,42,3.3,43.1,3.4,2014
SOUTH CAROLINA,White alone,2622,2557,1778,67.8,2.7,69.6,2.7,1075,41,2.9,42,2.9,2014
SOUTH CAROLINA,White non-Hispanic alone,2477,2454,1730,69.9,2.7,70.5,2.7,1061,42.8,3,43.2,3,2014
SOUTH CAROLINA,Black alone,965,944,640,66.3,5.5,67.9,5.5,419,43.4,5.7,44.4,5.8,2014
SOUTH CAROLINA,Asian alone,50,38,18,NA,NA,NA,NA,13,NA,NA,NA,NA,2014
SOUTH CAROLINA,Hispanic (of any race),171,106,48,28.1,16.1,45.1,22.5,14,8.1,9.8,13,15.2,2014
SOUTH CAROLINA,White alone or in combination,2632,2568,1787,67.9,2.7,69.6,2.7,1075,40.8,2.8,41.9,2.9,2014
SOUTH CAROLINA,Black alone or in combination,978,956,652,66.7,5.4,68.3,5.4,426,43.6,5.7,44.5,5.8,2014
SOUTH CAROLINA,Asian alone or in combination,53,42,21,NA,NA,NA,NA,16,NA,NA,NA,NA,2014
SOUTH DAKOTA,Total,625,618,401,64.2,2.6,64.9,2.6,273,43.7,2.7,44.1,2.7,2014
SOUTH DAKOTA,Male,308,304,189,61.4,3.7,62.1,3.7,132,42.8,3.8,43.3,3.8,2014
SOUTH DAKOTA,Female,317,314,212,67,3.6,67.7,3.6,141,44.5,3.8,45,3.8,2014
SOUTH DAKOTA,White alone,562,558,369,65.7,2.7,66.1,2.7,259,46.2,2.8,46.5,2.8,2014
SOUTH DAKOTA,White non-Hispanic alone,551,549,367,66.6,2.7,66.8,2.7,259,46.9,2.9,47,2.9,2014
SOUTH DAKOTA,Black alone,12,11,5,NA,NA,NA,NA,3,NA,NA,NA,NA,2014
SOUTH DAKOTA,Asian alone,4,1,NA,NA,NA,NA,NA,NA,NA,NA,NA,NA,2014
SOUTH DAKOTA,Hispanic (of any race),12,10,3,NA,NA,NA,NA,NA,NA,NA,NA,NA,2014
SOUTH DAKOTA,White alone or in combination,565,562,372,65.9,2.7,66.3,2.7,262,46.3,2.8,46.6,2.8,2014
SOUTH DAKOTA,Black alone or in combination,14,13,7,NA,NA,NA,NA,5,NA,NA,NA,NA,2014
SOUTH DAKOTA,Asian alone or in combination,4,1,NA,NA,NA,NA,NA,NA,NA,NA,NA,NA,2014
TENNESSEE,Total,4975,4815,3088,62.1,2.1,64.1,2.1,1763,35.4,2,36.6,2.1,2014
TENNESSEE,Male,2366,2275,1376,58.2,3,60.5,3.1,793,33.5,2.9,34.8,3,2014
TENNESSEE,Female,2609,2539,1712,65.6,2.8,67.4,2.8,970,37.2,2.8,38.2,2.9,2014
TENNESSEE,White alone,4014,3895,2545,63.4,2.3,65.3,2.3,1481,36.9,2.3,38,2.3,2014
TENNESSEE,White non-Hispanic alone,3821,3799,2503,65.5,2.3,65.9,2.3,1467,38.4,2.4,38.6,2.4,2014
TENNESSEE,Black alone,793,782,473,59.7,6.3,60.5,6.3,244,30.7,5.9,31.2,6,2014
TENNESSEE,Asian alone,84,54,21,NA,NA,NA,NA,12,NA,NA,NA,NA,2014
TENNESSEE,Hispanic (of any race),202,105,42,20.6,13.4,39.8,22.5,13,6.6,8.2,12.7,15.3,2014
TENNESSEE,White alone or in combination,4079,3960,2588,63.5,2.3,65.4,2.3,1504,36.9,2.3,38,2.3,2014
TENNESSEE,Black alone or in combination,803,792,480,59.8,6.3,60.6,6.3,247,30.7,5.9,31.2,6,2014
TENNESSEE,Asian alone or in combination,91,61,24,NA,NA,NA,NA,12,NA,NA,NA,NA,2014
TEXAS,Total,19354,16844,9946,51.4,1.1,59.1,1.2,5836,30.2,1,34.6,1.1,2014
TEXAS,Male,9412,8076,4606,48.9,1.6,57,1.7,2600,27.6,1.4,32.2,1.6,2014
TEXAS,Female,9941,8767,5340,53.7,1.5,60.9,1.6,3236,32.5,1.4,36.9,1.6,2014
TEXAS,White alone,15676,13693,8124,51.8,1.2,59.3,1.3,4820,30.7,1.1,35.2,1.2,2014
TEXAS,White non-Hispanic alone,9238,9033,5982,64.8,1.5,66.2,1.5,3776,40.9,1.6,41.8,1.6,2014
TEXAS,Black alone,2327,2198,1334,57.3,3.8,60.7,3.8,777,33.4,3.6,35.3,3.7,2014
TEXAS,Asian alone,853,565,259,30.3,6,45.8,8,102,11.9,4.3,18,6.2,2014
TEXAS,Hispanic (of any race),6762,4878,2255,33.4,2.7,46.2,3.4,1092,16.2,2.1,22.4,2.8,2014
TEXAS,White alone or in combination,15905,13899,8255,51.9,1.2,59.4,1.3,4906,30.8,1.1,35.3,1.2,2014
TEXAS,Black alone or in combination,2402,2264,1380,57.4,3.7,60.9,3.8,809,33.7,3.5,35.7,3.7,2014
TEXAS,Asian alone or in combination,877,589,271,30.9,6,46,7.9,105,12,4.2,17.9,6.1,2014
UTAH,Total,2026,1924,1101,54.3,2.2,57.2,2.3,703,34.7,2.1,36.5,2.2,2014
UTAH,Male,1011,955,539,53.3,3.1,56.4,3.2,339,33.5,3,35.5,3.1,2014
UTAH,Female,1016,969,562,55.4,3.1,58,3.2,364,35.8,3,37.6,3.1,2014
UTAH,White alone,1919,1840,1064,55.5,2.3,57.8,2.3,678,35.3,2.2,36.8,2.3,2014
UTAH,White non-Hispanic alone,1704,1684,1009,59.2,2.4,59.9,2.4,650,38.2,2.4,38.6,2.4,2014
UTAH,Black alone,26,16,6,NA,NA,NA,NA,6,NA,NA,NA,NA,2014
UTAH,Asian alone,37,24,13,NA,NA,NA,NA,10,NA,NA,NA,NA,2014
UTAH,Hispanic (of any race),222,156,56,25,9.2,35.6,12.1,28,12.7,7,18.1,9.7,2014
UTAH,White alone or in combination,1939,1860,1070,55.2,2.3,57.5,2.3,681,35.1,2.2,36.6,2.2,2014
UTAH,Black alone or in combination,34,24,11,NA,NA,NA,NA,8,NA,NA,NA,NA,2014
UTAH,Asian alone or in combination,43,30,14,NA,NA,NA,NA,10,NA,NA,NA,NA,2014
VERMONT,Total,493,482,324,65.7,2.7,67.2,2.7,205,41.6,2.8,42.5,2.8,2014
VERMONT,Male,240,233,152,63.3,3.9,65,3.9,93,38.7,4,39.7,4,2014
VERMONT,Female,253,248,172,67.9,3.7,69.2,3.7,112,44.3,3.9,45.1,4,2014
VERMONT,White alone,475,466,318,67,2.7,68.3,2.7,202,42.6,2.8,43.5,2.9,2014
VERMONT,White non-Hispanic alone,471,463,316,67,2.7,68.2,2.7,201,42.6,2.9,43.3,2.9,2014
VERMONT,Black alone,4,4,2,NA,NA,NA,NA,NA,NA,NA,NA,NA,2014
VERMONT,Asian alone,7,5,NA,NA,NA,NA,NA,NA,NA,NA,NA,NA,2014
VERMONT,Hispanic (of any race),4,3,2,NA,NA,NA,NA,2,NA,NA,NA,NA,2014
VERMONT,White alone or in combination,480,471,321,66.8,2.7,68.1,2.7,204,42.4,2.8,43.2,2.9,2014
VERMONT,Black alone or in combination,6,6,3,NA,NA,NA,NA,NA,NA,NA,NA,NA,2014
VERMONT,Asian alone or in combination,8,6,1,NA,NA,NA,NA,1,NA,NA,NA,NA,2014
VIRGINIA,Total,6221,5888,3924,63.1,1.9,66.6,1.9,2453,39.4,1.9,41.7,2,2014
VIRGINIA,Male,2975,2842,1892,63.6,2.7,66.6,2.7,1200,40.3,2.8,42.2,2.8,2014
VIRGINIA,Female,3246,3046,2032,62.6,2.6,66.7,2.6,1253,38.6,2.6,41.1,2.7,2014
VIRGINIA,White alone,4480,4287,2939,65.6,2.2,68.6,2.2,1924,43,2.3,44.9,2.3,2014
VIRGINIA,White non-Hispanic alone,4145,4094,2850,68.8,2.2,69.6,2.2,1869,45.1,2.4,45.6,2.4,2014
VIRGINIA,Black alone,1188,1153,712,60,5.3,61.7,5.3,394,33.2,5.1,34.2,5.2,2014
VIRGINIA,Asian alone,438,343,209,47.8,9.2,61,10.2,108,24.7,8,31.6,9.7,2014
VIRGINIA,Hispanic (of any race),389,236,112,28.9,11.1,47.4,15.6,60,15.4,8.8,25.4,13.6,2014
VIRGINIA,White alone or in combination,4540,4337,2973,65.5,2.2,68.5,2.2,1934,42.6,2.2,44.6,2.3,2014
VIRGINIA,Black alone or in combination,1233,1199,738,59.8,5.2,61.5,5.2,401,32.5,4.9,33.4,5.1,2014
VIRGINIA,Asian alone or in combination,477,372,233,48.9,8.9,62.8,9.7,116,24.4,7.6,31.3,9.3,2014
WASHINGTON,Total,5333,4776,3281,61.5,2,68.7,2,2390,44.8,2.1,50,2.2,2014
WASHINGTON,Male,2616,2331,1543,59,2.9,66.2,3,1125,43,2.9,48.3,3.1,2014
WASHINGTON,Female,2717,2445,1739,64,2.8,71.1,2.8,1265,46.5,2.9,51.7,3.1,2014
WASHINGTON,White alone,4238,3939,2819,66.5,2.2,71.6,2.2,2088,49.3,2.3,53,2.4,2014
WASHINGTON,White non-Hispanic alone,3716,3644,2683,72.2,2.2,73.6,2.2,2022,54.4,2.5,55.5,2.5,2014
WASHINGTON,Black alone,195,159,74,37.9,12.8,46.6,14.6,53,27.4,11.7,33.7,13.8,2014
WASHINGTON,Asian alone,451,268,161,35.6,8.7,59.9,11.5,110,24.4,7.8,41.2,11.5,2014
WASHINGTON,Hispanic (of any race),635,378,169,26.7,8.4,44.8,12.2,95,15,6.8,25.1,10.6,2014
WASHINGTON,White alone or in combination,4407,4099,2927,66.4,2.2,71.4,2.1,2143,48.6,2.3,52.3,2.4,2014
WASHINGTON,Black alone or in combination,236,196,88,37.5,11.6,45.2,13.1,60,25.3,10.4,30.5,12.1,2014
WASHINGTON,Asian alone or in combination,483,300,180,37.2,8.4,59.9,10.9,127,26.3,7.7,42.4,10.9,2014
WEST VIRGINIA,Total,1449,1440,896,61.8,2.5,62.2,2.5,484,33.4,2.5,33.6,2.5,2014
WEST VIRGINIA,Male,705,703,431,61.1,3.6,61.3,3.6,236,33.5,3.5,33.6,3.5,2014
WEST VIRGINIA,Female,744,738,465,62.5,3.5,63.1,3.5,248,33.3,3.4,33.6,3.5,2014
WEST VIRGINIA,White alone,1376,1373,863,62.7,2.6,62.8,2.6,473,34.4,2.5,34.5,2.5,2014
WEST VIRGINIA,White non-Hispanic alone,1360,1358,852,62.7,2.6,62.8,2.6,470,34.6,2.6,34.6,2.6,2014
WEST VIRGINIA,Black alone,41,41,17,NA,NA,NA,NA,5,NA,NA,NA,NA,2014
WEST VIRGINIA,Asian alone,10,5,4,NA,NA,NA,NA,2,NA,NA,NA,NA,2014
WEST VIRGINIA,Hispanic (of any race),18,16,11,NA,NA,NA,NA,3,NA,NA,NA,NA,2014
WEST VIRGINIA,White alone or in combination,1390,1387,872,62.7,2.6,62.9,2.6,475,34.2,2.5,34.3,2.5,2014
WEST VIRGINIA,Black alone or in combination,49,48,22,NA,NA,NA,NA,6,NA,NA,NA,NA,2014
WEST VIRGINIA,Asian alone or in combination,10,6,4,NA,NA,NA,NA,2,NA,NA,NA,NA,2014
WISCONSIN,Total,4356,4232,3005,69,2.1,71,2.1,2343,53.8,2.3,55.4,2.3,2014
WISCONSIN,Male,2136,2059,1433,67.1,3.1,69.6,3.1,1140,53.4,3.3,55.4,3.3,2014
WISCONSIN,Female,2220,2173,1572,70.8,2.9,72.4,2.9,1203,54.2,3.2,55.4,3.2,2014
WISCONSIN,White alone,3933,3826,2791,71,2.2,72.9,2.2,2213,56.3,2.4,57.8,2.4,2014
WISCONSIN,White non-Hispanic alone,3715,3689,2727,73.4,2.2,73.9,2.2,2170,58.4,2.4,58.8,2.5,2014
WISCONSIN,Black alone,230,227,129,56.1,12,56.8,12,93,40.4,11.8,40.9,11.9,2014
WISCONSIN,Asian alone,106,91,30,28.8,16.8,33.6,19,9,8.7,10.5,10.2,12.1,2014
WISCONSIN,Hispanic (of any race),248,168,77,31,14,45.8,18.3,53,21.4,12.4,31.7,17.1,2014
WISCONSIN,White alone or in combination,4011,3904,2846,71,2.2,72.9,2.2,2241,55.9,2.4,57.4,2.4,2014
WISCONSIN,Black alone or in combination,270,267,155,57.6,11,58.2,11.1,110,40.9,11,41.4,11,2014
WISCONSIN,Asian alone or in combination,116,101,33,28.5,16,32.8,17.9,12,10.2,10.8,11.7,12.3,2014
WYOMING,Total,441,427,241,54.7,2.7,56.5,2.7,172,39.1,2.6,40.3,2.7,2014
WYOMING,Male,223,215,117,52.6,3.8,54.6,3.8,85,38,3.6,39.5,3.7,2014
WYOMING,Female,217,212,124,56.9,3.8,58.4,3.8,87,40.2,3.7,41.2,3.8,2014
WYOMING,White alone,407,399,227,55.8,2.8,57,2.8,164,40.3,2.7,41.1,2.8,2014
WYOMING,White non-Hispanic alone,384,381,218,56.7,2.8,57.2,2.8,158,41,2.8,41.4,2.8,2014
WYOMING,Black alone,11,9,5,NA,NA,NA,NA,3,NA,NA,NA,NA,2014
WYOMING,Asian alone,3,1,0,NA,NA,NA,NA,NA,NA,NA,NA,NA,2014
WYOMING,Hispanic (of any race),29,20,9,NA,NA,NA,NA,6,NA,NA,NA,NA,2014
WYOMING,White alone or in combination,414,406,230,55.5,2.7,56.6,2.8,166,40.1,2.7,41,2.7,2014
WYOMING,Black alone or in combination,11,9,5,NA,NA,NA,NA,3,NA,NA,NA,NA,2014
WYOMING,Asian alone or in combination,4,2,NA,NA,NA,NA,NA,NA,NA,NA,NA,NA,2014
US,Total,249748,228832,153066,61.3,0.3,66.9,0.3,122281,49,0.3,53.4,0.3,2018
US,Male,120573,110006,71726,59.5,0.4,65.2,0.4,56964,47.2,0.4,51.8,0.5,2018
US,Female,129176,118826,81340,63,0.4,68.5,0.4,65317,50.6,0.4,55,0.4,2018
US,White alone,194127,180522,123727,63.7,0.3,68.5,0.3,99255,51.1,0.3,55,0.4,2018
US,White non-Hispanic alone,157610,154982,110054,69.8,0.4,71,0.4,89075,56.5,0.4,57.5,0.4,2018
US,Black alone,31623,29758,19023,60.2,1,63.9,1,15194,48,1,51.1,1.1,2018
US,Asian alone,15659,11128,5898,37.7,1.5,53,1.8,4519,28.9,1.4,40.6,1.8,2018
US,Hispanic (of any race),41049,28955,15558,37.9,1.2,53.7,1.4,11695,28.5,1.1,40.4,1.4,2018
US,White alone or in combination,198477,184394,126194,63.6,0.3,68.4,0.3,101115,50.9,0.3,54.8,0.4,2018
US,Black alone or in combination,33595,31422,20015,59.6,1,63.7,1,15887,47.3,1,50.6,1.1,2018
US,Asian alone or in combination,16733,12170,6595,39.4,1.5,54.2,1.8,5080,30.4,1.4,41.7,1.7,2018
ALABAMA,Total,3753,3609,2490,66.4,2.5,69,2.5,1830,48.8,2.7,50.7,2.7,2018
ALABAMA,Male,1772,1681,1122,63.3,3.7,66.7,3.8,821,46.3,3.9,48.8,4,2018
ALABAMA,Female,1982,1927,1368,69,3.4,71,3.4,1010,50.9,3.7,52.4,3.7,2018
ALABAMA,White alone,2610,2534,1774,68,3,70,3,1309,50.1,3.2,51.6,3.2,2018
ALABAMA,White non-Hispanic alone,2494,2470,1760,70.6,3,71.3,3,1298,52.1,3.3,52.6,3.3,2018
ALABAMA,Black alone,976,975,657,67.2,5.9,67.4,5.9,483,49.4,6.3,49.5,6.3,2018
ALABAMA,Asian alone,61,37,13,NA,NA,NA,NA,7,NA,NA,NA,NA,2018
ALABAMA,Hispanic (of any race),169,77,26,15.6,14.3,34.3,27.8,22,13.2,13.4,29.1,26.6,2018
ALABAMA,White alone or in combination,2636,2561,1796,68.1,3,70.1,3,1322,50.2,3.2,51.6,3.2,2018
ALABAMA,Black alone or in combination,979,977,659,67.3,5.9,67.4,5.9,485,49.6,6.3,49.6,6.3,2018
ALABAMA,Asian alone or in combination,61,37,13,NA,NA,NA,NA,7,NA,NA,NA,NA,2018
ALASKA,Total,523,497,337,64.4,2.7,67.7,2.7,263,50.2,2.9,52.8,2.9,2018
ALASKA,Male,265,255,175,65.9,3.8,68.4,3.8,133,50.2,4,52.1,4.1,2018
ALASKA,Female,258,242,162,62.9,3.9,67.1,3.9,130,50.2,4.1,53.6,4.2,2018
ALASKA,White alone,330,324,236,71.6,3.2,73,3.2,193,58.6,3.5,59.7,3.6,2018
ALASKA,White non-Hispanic alone,314,310,229,73,3.3,73.9,3.3,187,59.5,3.6,60.3,3.6,2018
ALASKA,Black alone,16,15,9,NA,NA,NA,NA,8,NA,NA,NA,NA,2018
ALASKA,Asian alone,55,37,23,NA,NA,NA,NA,15,NA,NA,NA,NA,2018
ALASKA,Hispanic (of any race),20,18,10,NA,NA,NA,NA,8,NA,NA,NA,NA,2018
ALASKA,White alone or in combination,356,350,255,71.6,3.1,72.9,3.1,210,59,3.4,60.1,3.4,2018
ALASKA,Black alone or in combination,18,17,11,NA,NA,NA,NA,9,NA,NA,NA,NA,2018
ALASKA,Asian alone or in combination,60,42,25,NA,NA,NA,NA,18,NA,NA,NA,NA,2018
ARIZONA,Total,5361,4757,3262,60.8,2.2,68.6,2.2,2800,52.2,2.3,58.9,2.4,2018
ARIZONA,Male,2606,2259,1539,59,3.2,68.1,3.2,1288,49.4,3.2,57,3.5,2018
ARIZONA,Female,2755,2497,1723,62.5,3.1,69,3.1,1512,54.9,3.1,60.6,3.2,2018
ARIZONA,White alone,4635,4168,2968,64,2.3,71.2,2.3,2535,54.7,2.4,60.8,2.5,2018
ARIZONA,White non-Hispanic alone,3128,3065,2272,72.6,2.6,74.1,2.6,2000,63.9,2.8,65.3,2.8,2018
ARIZONA,Black alone,257,222,114,44.4,12.4,51.5,13.5,104,40.6,12.3,47,13.4,2018
ARIZONA,Asian alone,198,106,63,32,13.9,59.8,20,59,30,13.6,56.1,20.2,2018
ARIZONA,Hispanic (of any race),1624,1205,757,46.6,6.4,62.8,7.2,588,36.2,6.2,48.8,7.5,2018
ARIZONA,White alone or in combination,4688,4216,2996,63.9,2.3,71.1,2.3,2563,54.7,2.4,60.8,2.5,2018
ARIZONA,Black alone or in combination,280,239,132,47,12,55,12.9,122,43.5,11.9,50.9,13,2018
ARIZONA,Asian alone or in combination,209,117,71,34,13.7,60.8,18.9,67,32.1,13.5,57.4,19.1,2018
ARKANSAS,Total,2261,2158,1262,55.8,2.7,58.5,2.8,919,40.6,2.7,42.6,2.8,2018
ARKANSAS,Male,1093,1034,602,55.1,4,58.3,4,431,39.4,3.9,41.7,4,2018
ARKANSAS,Female,1169,1125,660,56.5,3.8,58.7,3.9,488,41.8,3.8,43.4,3.9,2018
ARKANSAS,White alone,1833,1765,1031,56.2,3,58.4,3.1,756,41.3,3,42.8,3.1,2018
ARKANSAS,White non-Hispanic alone,1678,1676,995,59.3,3.2,59.3,3.2,737,43.9,3.2,44,3.2,2018
ARKANSAS,Black alone,327,317,178,54.5,8.8,56.1,8.9,132,40.3,8.6,41.6,8.8,2018
ARKANSAS,Asian alone,37,19,9,NA,NA,NA,NA,6,NA,NA,NA,NA,2018
ARKANSAS,Hispanic (of any race),172,102,43,25.2,13.7,42.3,20.2,21,12.3,10.4,20.8,16.6,2018
ARKANSAS,White alone or in combination,1878,1805,1061,56.5,3,58.7,3,771,41.1,3,42.7,3.1,2018
ARKANSAS,Black alone or in combination,336,325,184,54.7,8.6,56.6,8.8,135,40.2,8.5,41.6,8.7,2018
ARKANSAS,Asian alone or in combination,53,31,18,NA,NA,NA,NA,7,NA,NA,NA,NA,2018
CALIFORNIA,Total,30243,25525,15690,51.9,1,61.5,1,13240,43.8,0.9,51.9,1,2018
CALIFORNIA,Male,14767,12449,7372,49.9,1.4,59.2,1.5,6205,42,1.3,49.8,1.5,2018
CALIFORNIA,Female,15476,13076,8318,53.8,1.3,63.6,1.4,7035,45.5,1.3,53.8,1.4,2018
CALIFORNIA,White alone,21467,18311,11711,54.6,1.1,64,1.2,10005,46.6,1.1,54.6,1.2,2018
CALIFORNIA,White non-Hispanic alone,11986,11587,8005,66.8,1.4,69.1,1.4,7116,59.4,1.5,61.4,1.5,2018
CALIFORNIA,Black alone,1912,1845,1061,55.5,4.6,57.5,4.6,933,48.8,4.6,50.6,4.7,2018
CALIFORNIA,Asian alone,5222,3983,2061,39.5,2.8,51.7,3.3,1620,31,2.7,40.7,3.3,2018
CALIFORNIA,Hispanic (of any race),10595,7613,4211,39.7,2.5,55.3,3,3300,31.1,2.3,43.3,3,2018
CALIFORNIA,White alone or in combination,22303,19010,12125,54.4,1.1,63.8,1.2,10332,46.3,1.1,54.3,1.2,2018
CALIFORNIA,Black alone or in combination,2094,1999,1154,55.1,4.4,57.7,4.4,998,47.6,4.4,49.9,4.5,2018
CALIFORNIA,Asian alone or in combination,5571,4320,2278,40.9,2.8,52.7,3.2,1795,32.2,2.6,41.5,3.1,2018
COLORADO,Total,4353,4029,2645,60.8,2.5,65.6,2.5,2342,53.8,2.5,58.1,2.6,2018
COLORADO,Male,2171,2004,1315,60.6,3.5,65.6,3.5,1144,52.7,3.6,57.1,3.7,2018
COLORADO,Female,2182,2025,1330,61,3.5,65.7,3.5,1198,54.9,3.5,59.2,3.6,2018
COLORADO,White alone,3911,3666,2439,62.4,2.6,66.5,2.6,2185,55.9,2.6,59.6,2.7,2018
COLORADO,White non-Hispanic alone,3136,3107,2141,68.3,2.8,68.9,2.8,1945,62,2.9,62.6,2.9,2018
COLORADO,Black alone,185,170,73,39.6,14.5,43.1,15.3,51,27.8,13.3,30.3,14.2,2018
COLORADO,Asian alone,156,93,75,47.7,16.8,80.6,17.3,66,42.3,16.6,71.5,19.7,2018
COLORADO,Hispanic (of any race),806,590,323,40.1,9,54.8,10.7,259,32.1,8.6,43.9,10.7,2018
COLORADO,White alone or in combination,3998,3753,2486,62.2,2.6,66.2,2.6,2213,55.4,2.6,59,2.7,2018
COLORADO,Black alone or in combination,219,204,88,40.3,13.3,43.3,14,63,28.8,12.3,31,13,2018
COLORADO,Asian alone or in combination,185,121,89,48.3,15.5,73.8,16.8,73,39.2,15.1,60,18.7,2018
CONNECTICUT,Total,2834,2539,1726,60.9,2.6,68,2.7,1370,48.3,2.7,54,2.9,2018
CONNECTICUT,Male,1365,1222,804,58.9,3.8,65.8,3.9,662,48.5,3.9,54.2,4.1,2018
CONNECTICUT,Female,1469,1316,921,62.7,3.6,70,3.6,708,48.2,3.8,53.8,4,2018
CONNECTICUT,White alone,2326,2141,1483,63.8,2.9,69.3,2.9,1193,51.3,3,55.7,3.1,2018
CONNECTICUT,White non-Hispanic alone,1934,1888,1347,69.7,3,71.3,3,1090,56.4,3.3,57.7,3.3,2018
CONNECTICUT,Black alone,319,258,158,49.6,9.8,61.3,10.6,124,39,9.5,48.2,10.9,2018
CONNECTICUT,Asian alone,142,100,51,36.1,14.7,51.4,18.2,38,26.5,13.5,37.7,17.7,2018
CONNECTICUT,Hispanic (of any race),464,293,164,35.3,10.1,55.9,13.2,120,25.9,9.2,41.1,13,2018
CONNECTICUT,White alone or in combination,2356,2171,1506,63.9,2.9,69.4,2.9,1201,51,3,55.3,3.1,2018
CONNECTICUT,Black alone or in combination,335,274,174,51.9,9.5,63.5,10.2,132,39.5,9.3,48.3,10.5,2018
CONNECTICUT,Asian alone or in combination,154,112,59,38.4,14.3,52.9,17.2,38,24.5,12.7,33.7,16.3,2018
DELAWARE,Total,756,713,472,62.4,2.6,66.3,2.6,369,48.8,2.7,51.8,2.8,2018
DELAWARE,Male,359,334,215,59.8,3.8,64.3,3.9,167,46.4,3.9,49.9,4,2018
DELAWARE,Female,397,379,258,64.8,3.5,68,3.5,202,50.9,3.7,53.4,3.8,2018
DELAWARE,White alone,540,513,340,62.9,3.1,66.2,3.1,264,48.8,3.2,51.4,3.3,2018
DELAWARE,White non-Hispanic alone,477,468,316,66.3,3.2,67.6,3.2,247,51.7,3.4,52.7,3.4,2018
DELAWARE,Black alone,163,159,109,66.5,6.6,68.2,6.6,90,54.8,7,56.2,7,2018
DELAWARE,Asian alone,41,28,15,NA,NA,NA,NA,11,NA,NA,NA,NA,2018
DELAWARE,Hispanic (of any race),73,52,27,NA,NA,NA,NA,20,NA,NA,NA,NA,2018
DELAWARE,White alone or in combination,548,521,346,63.2,3,66.5,3.1,266,48.6,3.2,51.1,3.2,2018
DELAWARE,Black alone or in combination,173,168,116,67.3,6.4,68.9,6.4,93,53.8,6.8,55.2,6.8,2018
DELAWARE,Asian alone or in combination,43,31,15,NA,NA,NA,NA,11,NA,NA,NA,NA,2018
DISTRICT OF COLUMBIA,Total,567,512,397,70,2.5,77.6,2.4,313,55.2,2.7,61.1,2.8,2018
DISTRICT OF COLUMBIA,Male,264,235,179,68.1,3.7,76.3,3.6,141,53.3,4,59.8,4.2,2018
DISTRICT OF COLUMBIA,Female,304,277,218,71.7,3.4,78.6,3.2,172,56.7,3.7,62.3,3.8,2018
DISTRICT OF COLUMBIA,White alone,270,247,207,76.5,3.4,83.5,3.1,168,62.1,3.9,67.8,3.9,2018
DISTRICT OF COLUMBIA,White non-Hispanic alone,235,223,191,81.3,3.3,85.8,3.1,155,65.9,4,69.5,4,2018
DISTRICT OF COLUMBIA,Black alone,251,228,163,65.2,4.8,71.7,4.7,123,48.9,5,53.7,5.2,2018
DISTRICT OF COLUMBIA,Asian alone,30,22,16,NA,NA,NA,NA,13,NA,NA,NA,NA,2018
DISTRICT OF COLUMBIA,Hispanic (of any race),53,35,24,NA,NA,NA,NA,20,NA,NA,NA,NA,2018
DISTRICT OF COLUMBIA,White alone or in combination,281,257,214,76.3,3.3,83.4,3,174,62,3.8,67.8,3.8,2018
DISTRICT OF COLUMBIA,Black alone or in combination,258,234,169,65.5,4.7,72.1,4.6,128,49.5,4.9,54.5,5.1,2018
DISTRICT OF COLUMBIA,Asian alone or in combination,33,25,17,NA,NA,NA,NA,14,NA,NA,NA,NA,2018
FLORIDA,Total,16845,15047,9435,56,1.2,62.7,1.3,7918,47,1.3,52.6,1.3,2018
FLORIDA,Male,8035,7145,4383,54.6,1.8,61.4,1.9,3648,45.4,1.8,51.1,1.9,2018
FLORIDA,Female,8810,7902,5052,57.3,1.7,63.9,1.8,4270,48.5,1.7,54,1.8,2018
FLORIDA,White alone,13425,12154,7798,58.1,1.4,64.2,1.4,6579,49,1.4,54.1,1.5,2018
FLORIDA,White non-Hispanic alone,9592,9332,6211,64.8,1.6,66.6,1.6,5315,55.4,1.7,57,1.7,2018
FLORIDA,Black alone,2644,2317,1340,50.7,3.8,57.9,4,1094,41.4,3.8,47.2,4.1,2018
FLORIDA,Asian alone,454,330,159,35,9.2,48.2,11.3,134,29.4,8.8,40.5,11.1,2018
FLORIDA,Hispanic (of any race),4288,3146,1723,40.2,3.8,54.8,4.5,1393,32.5,3.7,44.3,4.5,2018
FLORIDA,White alone or in combination,13676,12353,7899,57.8,1.4,63.9,1.4,6666,48.7,1.4,54,1.5,2018
FLORIDA,Black alone or in combination,2842,2463,1418,49.9,3.7,57.6,3.9,1167,41.1,3.6,47.4,4,2018
FLORIDA,Asian alone or in combination,458,334,159,34.8,9.2,47.7,11.3,134,29.2,8.7,40.1,11,2018
GEORGIA,Total,7850,7311,4840,61.7,1.8,66.2,1.8,4084,52,1.9,55.9,1.9,2018
GEORGIA,Male,3700,3417,2189,59.2,2.7,64,2.7,1814,49,2.7,53.1,2.8,2018
GEORGIA,Female,4150,3893,2651,63.9,2.5,68.1,2.5,2270,54.7,2.6,58.3,2.6,2018
GEORGIA,White alone,4949,4686,3093,62.5,2.3,66,2.3,2581,52.2,2.4,55.1,2.4,2018
GEORGIA,White non-Hispanic alone,4491,4454,2973,66.2,2.3,66.8,2.3,2496,55.6,2.5,56.1,2.5,2018
GEORGIA,Black alone,2439,2305,1577,64.7,3.9,68.4,3.9,1374,56.3,4,59.6,4.1,2018
GEORGIA,Asian alone,318,191,108,33.9,11.1,56.4,15,84,26.3,10.3,43.8,15,2018
GEORGIA,Hispanic (of any race),525,264,135,25.7,9.9,51.2,16,101,19.2,9,38.2,15.6,2018
GEORGIA,White alone or in combination,5043,4780,3135,62.2,2.3,65.6,2.3,2609,51.7,2.3,54.6,2.4,2018
GEORGIA,Black alone or in combination,2495,2361,1600,64.1,3.9,67.8,3.9,1382,55.4,4,58.5,4.1,2018
GEORGIA,Asian alone or in combination,327,200,108,33,10.9,53.9,14.8,84,25.6,10.1,41.9,14.6,2018
HAWAII,Total,1057,971,523,49.5,2.7,53.9,2.8,427,40.4,2.7,44,2.8,2018
HAWAII,Male,504,462,237,46.9,3.9,51.2,4.1,193,38.3,3.8,41.7,4.1,2018
HAWAII,Female,553,509,287,51.9,3.8,56.4,3.9,234,42.4,3.7,46.1,3.9,2018
HAWAII,White alone,237,231,137,57.9,5.7,59.3,5.7,111,46.8,5.7,47.9,5.8,2018
HAWAII,White non-Hispanic alone,211,206,125,59.3,6,60.7,6,104,49.3,6.1,50.4,6.1,2018
HAWAII,Black alone,22,21,10,NA,NA,NA,NA,4,NA,NA,NA,NA,2018
HAWAII,Asian alone,480,417,218,45.4,5.1,52.2,5.5,186,38.7,5,44.6,5.4,2018
HAWAII,Hispanic (of any race),82,79,34,41.3,15.1,42.9,15.4,25,29.7,14,30.9,14.4,2018
HAWAII,White alone or in combination,351,346,211,60,4.6,61,4.6,171,48.6,4.7,49.3,4.8,2018
HAWAII,Black alone or in combination,28,27,15,NA,NA,NA,NA,8,NA,NA,NA,NA,2018
HAWAII,Asian alone or in combination,590,527,285,48.2,4.6,54,4.8,241,40.9,4.5,45.7,4.8,2018
IDAHO,Total,1299,1226,743,57.2,2.7,60.6,2.7,587,45.2,2.7,47.9,2.8,2018
IDAHO,Male,645,608,362,56.1,3.8,59.5,3.9,286,44.3,3.8,47,3.9,2018
IDAHO,Female,654,618,381,58.2,3.8,61.6,3.8,301,46,3.8,48.7,3.9,2018
IDAHO,White alone,1214,1163,708,58.3,2.8,60.9,2.8,555,45.7,2.8,47.7,2.8,2018
IDAHO,White non-Hispanic alone,1048,1044,664,63.3,2.9,63.6,2.9,531,50.6,3,50.9,3,2018
IDAHO,Black alone,8,8,8,NA,NA,NA,NA,6,NA,NA,NA,NA,2018
IDAHO,Asian alone,33,22,9,NA,NA,NA,NA,8,NA,NA,NA,NA,2018
IDAHO,Hispanic (of any race),182,126,51,27.7,10.1,40,13.3,30,16.5,8.4,23.8,11.6,2018
IDAHO,White alone or in combination,1232,1178,715,58,2.7,60.7,2.8,562,45.6,2.8,47.7,2.8,2018
IDAHO,Black alone or in combination,12,12,11,NA,NA,NA,NA,9,NA,NA,NA,NA,2018
IDAHO,Asian alone or in combination,33,22,9,NA,NA,NA,NA,8,NA,NA,NA,NA,2018
ILLINOIS,Total,9732,8947,6068,62.4,1.6,67.8,1.6,4740,48.7,1.7,53,1.7,2018
ILLINOIS,Male,4711,4316,2794,59.3,2.4,64.7,2.4,2183,46.3,2.4,50.6,2.5,2018
ILLINOIS,Female,5021,4630,3274,65.2,2.2,70.7,2.2,2557,50.9,2.3,55.2,2.4,2018
ILLINOIS,White alone,7564,7078,4892,64.7,1.8,69.1,1.8,3802,50.3,1.9,53.7,2,2018
ILLINOIS,White non-Hispanic alone,6248,6120,4436,71,1.9,72.5,1.9,3494,55.9,2.1,57.1,2.1,2018
ILLINOIS,Black alone,1334,1274,861,64.5,5.3,67.6,5.3,723,54.2,5.5,56.8,5.6,2018
ILLINOIS,Asian alone,673,455,205,30.5,7.4,45.1,9.8,150,22.4,6.7,33.1,9.2,2018
ILLINOIS,Hispanic (of any race),1458,1061,537,36.8,6.6,50.6,8,354,24.3,5.8,33.3,7.5,2018
ILLINOIS,White alone or in combination,7666,7180,4973,64.9,1.8,69.3,1.8,3857,50.3,1.9,53.7,1.9,2018
ILLINOIS,Black alone or in combination,1382,1322,895,64.7,5.2,67.7,5.2,740,53.5,5.4,56,5.5,2018
ILLINOIS,Asian alone or in combination,688,470,214,31.2,7.4,45.6,9.6,160,23.2,6.7,34,9.2,2018
INDIANA,Total,5006,4792,3131,62.5,2.2,65.3,2.3,2364,47.2,2.3,49.3,2.4,2018
INDIANA,Male,2404,2331,1522,63.3,3.2,65.3,3.2,1115,46.4,3.3,47.8,3.4,2018
INDIANA,Female,2602,2461,1609,61.8,3.1,65.4,3.1,1249,48,3.2,50.7,3.3,2018
INDIANA,White alone,4260,4125,2723,63.9,2.4,66,2.4,2066,48.5,2.5,50.1,2.6,2018
INDIANA,White non-Hispanic alone,3937,3921,2634,66.9,2.5,67.2,2.5,1996,50.7,2.6,50.9,2.6,2018
INDIANA,Black alone,484,468,299,61.8,8.8,63.9,8.8,221,45.7,9,47.2,9.2,2018
INDIANA,Asian alone,138,98,40,28.9,16,40.5,20.5,27,19.7,14.1,27.6,18.7,2018
INDIANA,Hispanic (of any race),337,212,96,28.4,12.7,45.2,17.7,77,22.9,11.8,36.5,17.1,2018
INDIANA,White alone or in combination,4342,4197,2775,63.9,2.4,66.1,2.4,2099,48.3,2.5,50,2.5,2018
INDIANA,Black alone or in combination,544,518,329,60.4,8.3,63.5,8.4,245,45,8.5,47.2,8.7,2018
INDIANA,Asian alone or in combination,147,108,49,33.5,16.1,45.7,19.9,34,22.8,14.3,31.1,18.5,2018
IOWA,Total,2376,2239,1658,69.8,2.6,74,2.5,1335,56.2,2.8,59.6,2.8,2018
IOWA,Male,1176,1105,833,70.8,3.6,75.4,3.5,660,56.1,3.9,59.7,4,2018
IOWA,Female,1201,1134,825,68.7,3.6,72.7,3.6,675,56.2,3.9,59.5,4,2018
IOWA,White alone,2192,2119,1580,72.1,2.6,74.5,2.6,1270,57.9,2.9,59.9,2.9,2018
IOWA,White non-Hispanic alone,2007,1983,1499,74.7,2.6,75.6,2.6,1206,60.1,3,60.8,3,2018
IOWA,Black alone,89,76,47,52.6,17.4,61.3,18.3,41,46.4,17.4,54.1,18.8,2018
IOWA,Asian alone,62,22,14,NA,NA,NA,NA,12,NA,NA,NA,NA,2018
IOWA,Hispanic (of any race),206,148,85,41.5,14.7,57.8,17.4,69,33.5,14.1,46.7,17.5,2018
IOWA,White alone or in combination,2218,2133,1591,71.8,2.6,74.6,2.6,1279,57.7,2.8,60,2.9,2018
IOWA,Black alone or in combination,100,80,49,48.9,16.5,60.6,17.9,41,41.4,16.2,51.3,18.3,2018
IOWA,Asian alone or in combination,72,26,19,NA,NA,NA,NA,16,NA,NA,NA,NA,2018
KANSAS,Total,2149,2026,1449,67.4,2.8,71.5,2.8,1152,53.6,3,56.9,3,2018
KANSAS,Male,1049,980,692,66,4.1,70.6,4,554,52.8,4.3,56.5,4.4,2018
KANSAS,Female,1100,1046,757,68.8,3.9,72.4,3.8,598,54.4,4.2,57.2,4.2,2018
KANSAS,White alone,1880,1777,1311,69.7,2.9,73.8,2.9,1028,54.7,3.2,57.8,3.2,2018
KANSAS,White non-Hispanic alone,1667,1662,1249,74.9,2.9,75.2,2.9,982,58.9,3.3,59.1,3.3,2018
KANSAS,Black alone,129,125,65,50.1,14.7,51.9,15,58,44.9,14.7,46.5,15,2018
KANSAS,Asian alone,59,46,33,NA,NA,NA,NA,33,NA,NA,NA,NA,2018
KANSAS,Hispanic (of any race),231,134,71,30.8,13.2,53.3,18.8,55,23.9,12.2,41.4,18.5,2018
KANSAS,White alone or in combination,1934,1831,1338,69.2,2.9,73.1,2.9,1050,54.3,3.1,57.3,3.2,2018
KANSAS,Black alone or in combination,136,131,66,48.9,14.4,50.6,14.6,60,43.9,14.3,45.4,14.6,2018
KANSAS,Asian alone or in combination,64,51,36,NA,NA,NA,NA,36,NA,NA,NA,NA,2018
KENTUCKY,Total,3370,3249,2389,70.9,2.6,73.5,2.6,1746,51.8,2.9,53.8,2.9,2018
KENTUCKY,Male,1627,1553,1092,67.1,3.9,70.3,3.8,789,48.5,4.1,50.8,4.2,2018
KENTUCKY,Female,1743,1696,1297,74.5,3.5,76.5,3.4,958,55,3.9,56.5,4,2018
KENTUCKY,White alone,3014,2954,2194,72.8,2.7,74.3,2.7,1587,52.7,3,53.7,3,2018
KENTUCKY,White non-Hispanic alone,2928,2921,2183,74.5,2.7,74.7,2.7,1579,53.9,3.1,54.1,3.1,2018
KENTUCKY,Black alone,248,233,164,66.2,12,70.7,12,131,52.8,12.7,56.4,13,2018
KENTUCKY,Asian alone,82,37,14,17.4,17.5,NA,NA,12,14.1,16,NA,NA,2018
KENTUCKY,Hispanic (of any race),96,37,15,15.8,19.4,NA,NA,12,12.9,17.8,NA,NA,2018
KENTUCKY,White alone or in combination,3036,2976,2207,72.7,2.7,74.2,2.7,1600,52.7,3,53.8,3,2018
KENTUCKY,Black alone or in combination,264,248,171,64.8,11.8,68.9,11.8,138,52.2,12.3,55.5,12.7,2018
KENTUCKY,Asian alone or in combination,82,37,14,17.4,17.5,NA,NA,12,14.1,16,NA,NA,2018
LOUISIANA,Total,3458,3326,2263,65.4,2.6,68,2.6,1656,47.9,2.7,49.8,2.7,2018
LOUISIANA,Male,1635,1557,1032,63.1,3.8,66.3,3.8,774,47.3,3.9,49.7,4,2018
LOUISIANA,Female,1823,1770,1231,67.5,3.5,69.5,3.5,882,48.4,3.7,49.8,3.8,2018
LOUISIANA,White alone,2212,2120,1501,67.9,3.1,70.8,3.1,1075,48.6,3.4,50.7,3.4,2018
LOUISIANA,White non-Hispanic alone,2047,2023,1455,71.1,3.2,71.9,3.2,1046,51.1,3.5,51.7,3.5,2018
LOUISIANA,Black alone,1076,1072,688,63.9,5.6,64.1,5.6,531,49.4,5.8,49.5,5.9,2018
LOUISIANA,Asian alone,60,34,17,NA,NA,NA,NA,9,NA,NA,NA,NA,2018
LOUISIANA,Hispanic (of any race),189,112,56,29.7,16.5,50.2,23.5,35,18.4,14,31.1,21.8,2018
LOUISIANA,White alone or in combination,2289,2188,1543,67.4,3.1,70.5,3.1,1106,48.3,3.3,50.6,3.4,2018
LOUISIANA,Black alone or in combination,1133,1125,712,62.9,5.5,63.4,5.5,552,48.7,5.7,49.1,5.7,2018
LOUISIANA,Asian alone or in combination,70,42,23,NA,NA,NA,NA,12,NA,NA,NA,NA,2018
MAINE,Total,1074,1056,828,77.1,2.6,78.4,2.5,693,64.5,2.9,65.6,2.9,2018
MAINE,Male,527,519,397,75.4,3.7,76.6,3.7,329,62.4,4.2,63.4,4.2,2018
MAINE,Female,546,537,431,78.8,3.5,80.1,3.4,364,66.6,4,67.7,4,2018
MAINE,White alone,1011,1002,796,78.7,2.6,79.4,2.5,669,66.2,3,66.8,3,2018
MAINE,White non-Hispanic alone,1001,994,788,78.7,2.6,79.2,2.6,666,66.5,3,67,3,2018
MAINE,Black alone,17,11,5,NA,NA,NA,NA,3,NA,NA,NA,NA,2018
MAINE,Asian alone,20,17,6,NA,NA,NA,NA,6,NA,NA,NA,NA,2018
MAINE,Hispanic (of any race),11,10,8,NA,NA,NA,NA,3,NA,NA,NA,NA,2018
MAINE,White alone or in combination,1032,1023,815,79,2.5,79.6,2.5,682,66.1,2.9,66.6,2.9,2018
MAINE,Black alone or in combination,20,14,7,NA,NA,NA,NA,5,NA,NA,NA,NA,2018
MAINE,Asian alone or in combination,20,17,6,NA,NA,NA,NA,6,NA,NA,NA,NA,2018
MARYLAND,Total,4666,4281,3095,66.3,2.3,72.3,2.3,2320,49.7,2.5,54.2,2.6,2018
MARYLAND,Male,2217,2047,1457,65.7,3.4,71.2,3.4,1107,49.9,3.6,54.1,3.7,2018
MARYLAND,Female,2449,2235,1639,66.9,3.2,73.3,3.1,1213,49.5,3.4,54.3,3.5,2018
MARYLAND,White alone,2800,2635,2021,72.2,2.8,76.7,2.8,1536,54.9,3.2,58.3,3.2,2018
MARYLAND,White non-Hispanic alone,2466,2421,1869,75.8,2.9,77.2,2.9,1414,57.3,3.3,58.4,3.4,2018
MARYLAND,Black alone,1414,1293,856,60.5,5.3,66.2,5.3,630,44.5,5.4,48.7,5.6,2018
MARYLAND,Asian alone,315,217,142,44.9,11.9,65.1,13.7,94,29.9,10.9,43.4,14.3,2018
MARYLAND,Hispanic (of any race),500,328,195,39,11.5,59.5,14.3,158,31.7,11,48.3,14.6,2018
MARYLAND,White alone or in combination,2874,2708,2064,71.8,2.8,76.2,2.7,1572,54.7,3.1,58.1,3.2,2018
MARYLAND,Black alone or in combination,1467,1346,887,60.5,5.2,65.9,5.2,651,44.4,5.3,48.4,5.5,2018
MARYLAND,Asian alone or in combination,331,234,154,46.6,11.6,66.1,13.1,103,31.2,10.8,44.3,13.8,2018
MASSACHUSETTS,Total,5460,4919,3345,61.3,2.2,68,2.2,2731,50,2.2,55.5,2.3,2018
MASSACHUSETTS,Male,2594,2335,1556,60,3.1,66.6,3.2,1280,49.4,3.2,54.8,3.4,2018
MASSACHUSETTS,Female,2866,2583,1789,62.4,3,69.3,3,1451,50.6,3.1,56.2,3.2,2018
MASSACHUSETTS,White alone,4417,4156,2934,66.4,2.3,70.6,2.3,2397,54.3,2.5,57.7,2.5,2018
MASSACHUSETTS,White non-Hispanic alone,4006,3858,2737,68.3,2.4,70.9,2.4,2266,56.6,2.6,58.7,2.6,2018
MASSACHUSETTS,Black alone,454,413,240,52.8,9.3,58,9.6,194,42.7,9.2,47,9.7,2018
MASSACHUSETTS,Asian alone,416,234,113,27,9,48.2,13.5,101,24.2,8.7,43.1,13.4,2018
MASSACHUSETTS,Hispanic (of any race),565,414,249,44.1,10.7,60.2,12.4,177,31.3,10,42.7,12.5,2018
MASSACHUSETTS,White alone or in combination,4584,4266,2993,65.3,2.3,70.2,2.3,2437,53.2,2.4,57.1,2.5,2018
MASSACHUSETTS,Black alone or in combination,561,464,258,46,8.3,55.6,9.1,203,36.2,8,43.7,9.1,2018
MASSACHUSETTS,Asian alone or in combination,467,284,144,30.9,8.8,50.8,12.3,125,26.9,8.5,44.1,12.2,2018
MICHIGAN,Total,7657,7430,5453,71.2,1.7,73.4,1.7,4418,57.7,1.9,59.5,1.9,2018
MICHIGAN,Male,3688,3564,2563,69.5,2.5,71.9,2.5,2072,56.2,2.7,58.1,2.7,2018
MICHIGAN,Female,3970,3866,2890,72.8,2.3,74.8,2.3,2346,59.1,2.6,60.7,2.6,2018
MICHIGAN,White alone,6257,6171,4620,73.8,1.8,74.9,1.8,3724,59.5,2,60.4,2.1,2018
MICHIGAN,White non-Hispanic alone,6033,5973,4526,75,1.8,75.8,1.8,3648,60.5,2.1,61.1,2.1,2018
MICHIGAN,Black alone,1027,1003,670,65.2,5.9,66.8,5.9,557,54.2,6.2,55.5,6.3,2018
MICHIGAN,Asian alone,242,134,91,37.5,13,67.9,16.8,72,29.9,12.3,54.1,18,2018
MICHIGAN,Hispanic (of any race),241,203,99,41.1,16.4,48.9,18.2,81,33.8,15.8,40.1,17.8,2018
MICHIGAN,White alone or in combination,6335,6243,4671,73.7,1.8,74.8,1.8,3770,59.5,2,60.4,2,2018
MICHIGAN,Black alone or in combination,1078,1048,690,63.9,5.8,65.8,5.9,571,53,6.1,54.5,6.1,2018
MICHIGAN,Asian alone or in combination,265,157,114,43,12.7,72.7,14.8,96,36.1,12.3,61,16.2,2018
MINNESOTA,Total,4238,4006,3000,70.8,2.3,74.9,2.3,2523,59.5,2.5,63,2.5,2018
MINNESOTA,Male,2099,1969,1429,68.1,3.4,72.6,3.3,1194,56.9,3.6,60.7,3.6,2018
MINNESOTA,Female,2139,2037,1570,73.4,3.2,77.1,3.1,1329,62.1,3.5,65.2,3.5,2018
MINNESOTA,White alone,3632,3537,2727,75.1,2.4,77.1,2.3,2286,62.9,2.7,64.7,2.7,2018
MINNESOTA,White non-Hispanic alone,3485,3471,2683,77,2.4,77.3,2.4,2249,64.5,2.7,64.8,2.7,2018
MINNESOTA,Black alone,252,194,128,50.8,12.6,66.1,13.6,106,42.1,12.5,54.7,14.3,2018
MINNESOTA,Asian alone,225,157,78,34.6,13.3,49.7,16.7,68,30.2,12.8,43.3,16.6,2018
MINNESOTA,Hispanic (of any race),156,65,44,28.2,18.7,NA,NA,37,23.8,17.7,NA,NA,2018
MINNESOTA,White alone or in combination,3698,3593,2772,75,2.4,77.2,2.3,2327,62.9,2.6,64.8,2.6,2018
MINNESOTA,Black alone or in combination,287,219,153,53.5,11.8,70,12.4,127,44.5,11.8,58.2,13.4,2018
MINNESOTA,Asian alone or in combination,241,172,93,38.7,13.2,54.1,15.9,83,34.5,12.8,48.2,15.9,2018
MISSISSIPPI,Total,2194,2178,1599,72.9,2.5,73.4,2.5,1180,53.8,2.8,54.2,2.8,2018
MISSISSIPPI,Male,1027,1016,718,69.9,3.7,70.7,3.7,531,51.7,4,52.2,4.1,2018
MISSISSIPPI,Female,1167,1162,881,75.5,3.3,75.8,3.3,650,55.7,3.8,55.9,3.8,2018
MISSISSIPPI,White alone,1353,1341,956,70.6,3.2,71.2,3.2,688,50.9,3.5,51.3,3.5,2018
MISSISSIPPI,White non-Hispanic alone,1317,1314,943,71.6,3.2,71.8,3.2,679,51.6,3.6,51.7,3.6,2018
MISSISSIPPI,Black alone,798,796,621,77.8,4.6,78.1,4.6,476,59.6,5.4,59.8,5.5,2018
MISSISSIPPI,Asian alone,16,14,3,NA,NA,NA,NA,NA,NA,NA,NA,NA,2018
MISSISSIPPI,Hispanic (of any race),44,33,16,NA,NA,NA,NA,11,NA,NA,NA,NA,2018
MISSISSIPPI,White alone or in combination,1370,1359,969,70.7,3.2,71.3,3.2,700,51.1,3.5,51.5,3.5,2018
MISSISSIPPI,Black alone or in combination,812,809,630,77.7,4.6,77.9,4.6,484,59.6,5.4,59.8,5.4,2018
MISSISSIPPI,Asian alone or in combination,19,17,5,NA,NA,NA,NA,NA,NA,NA,NA,NA,2018
MISSOURI,Total,4676,4564,3299,70.6,2.2,72.3,2.2,2509,53.7,2.4,55,2.5,2018
MISSOURI,Male,2243,2202,1541,68.7,3.3,70,3.3,1162,51.8,3.5,52.8,3.6,2018
MISSOURI,Female,2433,2361,1758,72.3,3,74.5,3,1346,55.3,3.4,57,3.4,2018
MISSOURI,White alone,4006,3944,2887,72.1,2.4,73.2,2.4,2227,55.6,2.6,56.5,2.6,2018
MISSOURI,White non-Hispanic alone,3874,3856,2839,73.3,2.4,73.6,2.4,2185,56.4,2.7,56.7,2.7,2018
MISSOURI,Black alone,504,497,326,64.8,8.6,65.7,8.6,238,47.3,9,47.9,9.1,2018
MISSOURI,Asian alone,55,35,17,NA,NA,NA,NA,3,NA,NA,NA,NA,2018
MISSOURI,Hispanic (of any race),176,108,53,30,18.1,49.1,25.3,47,26.5,17.5,43.3,25.1,2018
MISSOURI,White alone or in combination,4060,3991,2927,72.1,2.4,73.3,2.3,2253,55.5,2.6,56.5,2.6,2018
MISSOURI,Black alone or in combination,531,519,340,64,8.4,65.5,8.4,245,46.1,8.7,47.2,8.9,2018
MISSOURI,Asian alone or in combination,55,35,17,NA,NA,NA,NA,3,NA,NA,NA,NA,2018
MONTANA,Total,822,812,579,70.4,2.3,71.3,2.3,518,63,2.4,63.8,2.4,2018
MONTANA,Male,405,402,279,68.8,3.3,69.5,3.3,247,61.1,3.5,61.6,3.5,2018
MONTANA,Female,417,411,300,71.9,3.2,73,3.2,271,64.9,3.4,66,3.4,2018
MONTANA,White alone,769,760,546,71,2.4,71.8,2.4,494,64.3,2.5,65,2.5,2018
MONTANA,White non-Hispanic alone,747,740,534,71.5,2.4,72.1,2.4,483,64.7,2.5,65.3,2.5,2018
MONTANA,Black alone,4,4,1,NA,NA,NA,NA,NA,NA,NA,NA,NA,2018
MONTANA,Asian alone,5,4,3,NA,NA,NA,NA,3,NA,NA,NA,NA,2018
MONTANA,Hispanic (of any race),22,20,11,NA,NA,NA,NA,11,NA,NA,NA,NA,2018
MONTANA,White alone or in combination,784,775,557,71,2.3,71.8,2.3,504,64.3,2.5,65,2.5,2018
MONTANA,Black alone or in combination,7,7,3,NA,NA,NA,NA,1,NA,NA,NA,NA,2018
MONTANA,Asian alone or in combination,8,7,5,NA,NA,NA,NA,4,NA,NA,NA,NA,2018
NEBRASKA,Total,1428,1332,883,61.9,2.8,66.3,2.8,676,47.3,2.9,50.8,3,2018
NEBRASKA,Male,710,652,418,58.9,4.1,64.1,4.1,314,44.2,4.1,48.1,4.3,2018
NEBRASKA,Female,718,680,466,64.8,3.9,68.5,3.9,362,50.5,4.1,53.3,4.2,2018
NEBRASKA,White alone,1277,1203,822,64.4,2.9,68.4,2.9,633,49.6,3.1,52.6,3.2,2018
NEBRASKA,White non-Hispanic alone,1113,1108,782,70.2,3,70.5,3,606,54.5,3.3,54.7,3.3,2018
NEBRASKA,Black alone,60,59,26,NA,NA,NA,NA,15,NA,NA,NA,NA,2018
NEBRASKA,Asian alone,58,37,11,NA,NA,NA,NA,8,NA,NA,NA,NA,2018
NEBRASKA,Hispanic (of any race),175,105,50,28.7,11.8,47.7,16.8,34,19.7,10.4,32.8,15.8,2018
NEBRASKA,White alone or in combination,1301,1226,839,64.5,2.9,68.4,2.9,649,49.9,3,52.9,3.1,2018
NEBRASKA,Black alone or in combination,66,65,29,NA,NA,NA,NA,18,NA,NA,NA,NA,2018
NEBRASKA,Asian alone or in combination,60,40,11,NA,NA,NA,NA,8,NA,NA,NA,NA,2018
NEVADA,Total,2324,2067,1277,55,2.7,61.8,2.8,1006,43.3,2.7,48.7,2.9,2018
NEVADA,Male,1145,1043,616,53.8,3.8,59,4,497,43.4,3.8,47.7,4,2018
NEVADA,Female,1179,1024,662,56.1,3.8,64.6,3.9,509,43.2,3.8,49.7,4.1,2018
NEVADA,White alone,1731,1573,1009,58.3,3.1,64.2,3.2,818,47.2,3.1,52,3.3,2018
NEVADA,White non-Hispanic alone,1261,1239,850,67.4,3.4,68.6,3.4,701,55.6,3.7,56.6,3.7,2018
NEVADA,Black alone,197,178,108,55,11.2,60.9,11.6,65,33.3,10.6,36.8,11.4,2018
NEVADA,Asian alone,230,177,69,30.2,10,39.2,12.1,49,21.4,8.9,27.8,11.1,2018
NEVADA,Hispanic (of any race),584,415,212,36.2,8.2,51,10.1,156,26.7,7.5,37.7,9.8,2018
NEVADA,White alone or in combination,1798,1635,1058,58.8,3,64.7,3.1,854,47.5,3.1,52.2,3.2,2018
NEVADA,Black alone or in combination,205,185,114,55.7,11,61.5,11.3,69,33.7,10.4,37.1,11.2,2018
NEVADA,Asian alone or in combination,248,195,78,31.5,9.7,40.1,11.6,58,23.4,8.9,29.7,10.8,2018
NEW HAMPSHIRE,Total,1080,1025,726,67.2,2.6,70.8,2.6,576,53.3,2.8,56.2,2.8,2018
NEW HAMPSHIRE,Male,530,507,359,67.8,3.7,70.9,3.7,280,52.9,3.9,55.3,4,2018
NEW HAMPSHIRE,Female,550,519,367,66.7,3.7,70.8,3.6,296,53.8,3.9,57.1,4,2018
NEW HAMPSHIRE,White alone,1002,978,698,69.7,2.6,71.4,2.6,556,55.5,2.9,56.8,2.9,2018
NEW HAMPSHIRE,White non-Hispanic alone,970,956,683,70.3,2.7,71.4,2.7,545,56.1,2.9,57,2.9,2018
NEW HAMPSHIRE,Black alone,16,4,2,NA,NA,NA,NA,2,NA,NA,NA,NA,2018
NEW HAMPSHIRE,Asian alone,38,23,15,NA,NA,NA,NA,10,NA,NA,NA,NA,2018
NEW HAMPSHIRE,Hispanic (of any race),42,25,18,NA,NA,NA,NA,14,NA,NA,NA,NA,2018
NEW HAMPSHIRE,White alone or in combination,1019,991,706,69.3,2.6,71.2,2.6,562,55.2,2.8,56.7,2.9,2018
NEW HAMPSHIRE,Black alone or in combination,27,12,7,NA,NA,NA,NA,6,NA,NA,NA,NA,2018
NEW HAMPSHIRE,Asian alone or in combination,41,26,17,NA,NA,NA,NA,13,NA,NA,NA,NA,2018
NEW JERSEY,Total,7009,6267,4297,61.3,1.9,68.6,1.9,3384,48.3,2,54,2.1,2018
NEW JERSEY,Male,3348,2998,2046,61.1,2.8,68.2,2.8,1577,47.1,2.8,52.6,3,2018
NEW JERSEY,Female,3660,3269,2251,61.5,2.7,68.9,2.7,1808,49.4,2.7,55.3,2.9,2018
NEW JERSEY,White alone,5227,4788,3349,64.1,2.2,69.9,2.2,2678,51.2,2.3,55.9,2.4,2018
NEW JERSEY,White non-Hispanic alone,4081,3944,2847,69.7,2.4,72.2,2.4,2283,55.9,2.6,57.9,2.6,2018
NEW JERSEY,Black alone,1013,917,611,60.3,6.1,66.6,6.2,472,46.6,6.3,51.5,6.6,2018
NEW JERSEY,Asian alone,690,483,281,40.7,7.8,58.2,9.4,188,27.2,7.1,38.9,9.3,2018
NEW JERSEY,Hispanic (of any race),1259,920,578,45.9,7.3,62.9,8.3,471,37.4,7.1,51.2,8.5,2018
NEW JERSEY,White alone or in combination,5302,4863,3401,64.1,2.2,69.9,2.2,2725,51.4,2.3,56,2.3,2018
NEW JERSEY,Black alone or in combination,1081,985,663,61.4,5.9,67.3,6,515,47.7,6.1,52.3,6.4,2018
NEW JERSEY,Asian alone or in combination,697,490,284,40.8,7.8,58.1,9.3,191,27.4,7,39,9.2,2018
NEW MEXICO,Total,1576,1485,916,58.1,2.5,61.7,2.6,715,45.3,2.6,48.1,2.6,2018
NEW MEXICO,Male,761,715,422,55.5,3.7,59.1,3.8,327,43,3.7,45.8,3.8,2018
NEW MEXICO,Female,815,770,493,60.5,3.5,64,3.5,387,47.5,3.6,50.3,3.7,2018
NEW MEXICO,White alone,1251,1178,764,61.1,2.8,64.9,2.8,616,49.2,2.9,52.3,3,2018
NEW MEXICO,White non-Hispanic alone,644,634,465,72.2,3.6,73.4,3.6,388,60.3,3.9,61.3,3.9,2018
NEW MEXICO,Black alone,30,27,15,NA,NA,NA,NA,9,NA,NA,NA,NA,2018
NEW MEXICO,Asian alone,32,21,9,NA,NA,NA,NA,7,NA,NA,NA,NA,2018
NEW MEXICO,Hispanic (of any race),666,597,322,48.3,6.2,53.9,6.5,242,36.3,6,40.5,6.4,2018
NEW MEXICO,White alone or in combination,1284,1206,777,60.5,2.8,64.5,2.8,626,48.7,2.8,51.9,2.9,2018
NEW MEXICO,Black alone or in combination,39,36,19,NA,NA,NA,NA,11,NA,NA,NA,NA,2018
NEW MEXICO,Asian alone or in combination,35,25,10,NA,NA,NA,NA,8,NA,NA,NA,NA,2018
NEW YORK,Total,15478,13684,8553,55.3,1.3,62.5,1.4,6775,43.8,1.3,49.5,1.4,2018
NEW YORK,Male,7364,6512,3934,53.4,2,60.4,2,3081,41.8,1.9,47.3,2.1,2018
NEW YORK,Female,8113,7171,4619,56.9,1.8,64.4,1.9,3694,45.5,1.9,51.5,2,2018
NEW YORK,White alone,11157,10070,6474,58,1.6,64.3,1.6,5129,46,1.6,50.9,1.7,2018
NEW YORK,White non-Hispanic alone,9108,8708,5770,63.4,1.7,66.3,1.7,4604,50.6,1.8,52.9,1.8,2018
NEW YORK,Black alone,2570,2305,1410,54.9,4,61.2,4.1,1182,46,4,51.3,4.2,2018
NEW YORK,Asian alone,1443,1061,504,34.9,5.3,47.5,6.5,344,23.8,4.8,32.4,6.1,2018
NEW YORK,Hispanic (of any race),2604,1785,963,37,5,53.9,6.2,731,28.1,4.6,40.9,6.1,2018
NEW YORK,White alone or in combination,11374,10239,6590,57.9,1.6,64.4,1.6,5215,45.8,1.6,50.9,1.7,2018
NEW YORK,Black alone or in combination,2721,2414,1481,54.4,3.9,61.3,4,1236,45.4,3.9,51.2,4.1,2018
NEW YORK,Asian alone or in combination,1467,1085,523,35.6,5.3,48.1,6.4,358,24.4,4.8,33,6.1,2018
NORTH CAROLINA,Total,7911,7444,5160,65.2,1.8,69.3,1.8,3899,49.3,1.9,52.4,1.9,2018
NORTH CAROLINA,Male,3748,3495,2384,63.6,2.6,68.2,2.6,1822,48.6,2.7,52.1,2.8,2018
NORTH CAROLINA,Female,4163,3949,2776,66.7,2.4,70.3,2.4,2077,49.9,2.6,52.6,2.7,2018
NORTH CAROLINA,White alone,5775,5400,3830,66.3,2.1,70.9,2.1,2903,50.3,2.2,53.8,2.3,2018
NORTH CAROLINA,White non-Hispanic alone,5239,5170,3721,71,2.1,72,2.1,2814,53.7,2.3,54.4,2.3,2018
NORTH CAROLINA,Black alone,1685,1646,1110,65.9,4.7,67.4,4.7,852,50.6,4.9,51.8,5,2018
NORTH CAROLINA,Asian alone,186,149,90,48.5,15.5,60.6,16.9,68,36.4,14.9,45.5,17.2,2018
NORTH CAROLINA,Hispanic (of any race),588,268,131,22.3,9,48.9,16,104,17.6,8.2,38.6,15.6,2018
NORTH CAROLINA,White alone or in combination,5865,5474,3889,66.3,2.1,71,2,2939,50.1,2.2,53.7,2.3,2018
NORTH CAROLINA,Black alone or in combination,1748,1696,1156,66.1,4.6,68.2,4.6,872,49.9,4.8,51.4,4.9,2018
NORTH CAROLINA,Asian alone or in combination,198,159,95,48,15,60,16.4,73,36.6,14.4,45.8,16.7,2018
NORTH DAKOTA,Total,560,541,397,70.9,2.5,73.4,2.5,335,59.8,2.7,61.9,2.7,2018
NORTH DAKOTA,Male,286,275,194,67.8,3.6,70.5,3.6,160,56,3.8,58.2,3.9,2018
NORTH DAKOTA,Female,274,266,204,74.3,3.4,76.5,3.4,175,63.8,3.8,65.7,3.8,2018
NORTH DAKOTA,White alone,499,494,368,73.7,2.6,74.6,2.6,315,63.1,2.8,63.8,2.8,2018
NORTH DAKOTA,White non-Hispanic alone,488,483,362,74.2,2.6,74.9,2.6,311,63.7,2.8,64.3,2.8,2018
NORTH DAKOTA,Black alone,14,6,2,NA,NA,NA,NA,1,NA,NA,NA,NA,2018
NORTH DAKOTA,Asian alone,8,3,NA,NA,NA,NA,NA,NA,NA,NA,NA,NA,2018
NORTH DAKOTA,Hispanic (of any race),16,15,10,NA,NA,NA,NA,7,NA,NA,NA,NA,2018
NORTH DAKOTA,White alone or in combination,507,501,374,73.7,2.5,74.6,2.5,320,63.1,2.8,63.8,2.8,2018
NORTH DAKOTA,Black alone or in combination,15,7,3,NA,NA,NA,NA,2,NA,NA,NA,NA,2018
NORTH DAKOTA,Asian alone or in combination,9,4,2,NA,NA,NA,NA,1,NA,NA,NA,NA,2018
OHIO,Total,8873,8640,6062,68.3,1.6,70.2,1.6,4538,51.1,1.8,52.5,1.8,2018
OHIO,Male,4294,4158,2840,66.1,2.4,68.3,2.4,2035,47.4,2.5,48.9,2.6,2018
OHIO,Female,4579,4482,3222,70.4,2.2,71.9,2.2,2503,54.7,2.4,55.9,2.4,2018
OHIO,White alone,7372,7280,5152,69.9,1.8,70.8,1.8,3889,52.8,1.9,53.4,1.9,2018
OHIO,White non-Hispanic alone,7203,7142,5058,70.2,1.8,70.8,1.8,3849,53.4,1.9,53.9,1.9,2018
OHIO,Black alone,1054,1010,707,67.1,5.8,70,5.8,519,49.2,6.1,51.4,6.3,2018
OHIO,Asian alone,207,129,93,45.1,14.4,72.4,16.4,65,31.3,13.4,50.1,18.4,2018
OHIO,Hispanic (of any race),235,185,121,51.5,16.9,65.4,18.1,60,25.7,14.8,32.6,17.8,2018
OHIO,White alone or in combination,7519,7420,5215,69.4,1.8,70.3,1.7,3920,52.1,1.9,52.8,1.9,2018
OHIO,Black alone or in combination,1171,1120,761,65,5.6,68,5.6,544,46.5,5.8,48.6,6,2018
OHIO,Asian alone or in combination,223,145,98,43.9,13.9,67.4,16.2,69,31,12.9,47.7,17.3,2018
OKLAHOMA,Total,2868,2732,1777,62,2.9,65.1,2.9,1350,47.1,3,49.4,3,2018
OKLAHOMA,Male,1388,1330,824,59.4,4.2,62,4.2,626,45.1,4.3,47.1,4.4,2018
OKLAHOMA,Female,1480,1402,953,64.4,4,68,4,724,48.9,4.1,51.6,4.2,2018
OKLAHOMA,White alone,2254,2148,1422,63.1,3.2,66.2,3.2,1098,48.7,3.3,51.1,3.4,2018
OKLAHOMA,White non-Hispanic alone,1957,1951,1341,68.5,3.3,68.7,3.3,1035,52.9,3.6,53,3.6,2018
OKLAHOMA,Black alone,195,184,90,46.1,13.8,48.8,14.2,61,31.2,12.8,33,13.3,2018
OKLAHOMA,Asian alone,70,50,23,NA,NA,NA,NA,15,NA,NA,NA,NA,2018
OKLAHOMA,Hispanic (of any race),310,210,88,28.5,12.8,42.1,17,71,22.8,11.9,33.7,16.3,2018
OKLAHOMA,White alone or in combination,2370,2264,1510,63.7,3.1,66.7,3.2,1162,49,3.3,51.3,3.3,2018
OKLAHOMA,Black alone or in combination,212,201,103,48.7,13.2,51.2,13.6,72,34.1,12.5,35.9,13,2018
OKLAHOMA,Asian alone or in combination,73,53,26,NA,NA,NA,NA,18,NA,NA,NA,NA,2018
OREGON,Total,3293,3138,2274,69.1,2.6,72.5,2.5,1918,58.2,2.7,61.1,2.8,2018
OREGON,Male,1612,1542,1078,66.9,3.7,69.9,3.7,912,56.6,3.9,59.2,4,2018
OREGON,Female,1681,1596,1197,71.2,3.5,75,3.4,1006,59.8,3.8,63,3.8,2018
OREGON,White alone,2874,2781,2059,71.6,2.7,74,2.6,1769,61.5,2.9,63.6,2.9,2018
OREGON,White non-Hispanic alone,2584,2569,1956,75.7,2.7,76.1,2.7,1694,65.6,3,65.9,3,2018
OREGON,Black alone,78,71,43,55.5,21.6,NA,NA,41,52.1,21.7,NA,NA,2018
OREGON,Asian alone,172,138,71,41.1,15,51.3,17,36,21,12.4,26.2,15,2018
OREGON,Hispanic (of any race),365,267,140,38.3,12.7,52.3,15.2,93,25.4,11.3,34.8,14.5,2018
OREGON,White alone or in combination,3005,2892,2138,71.1,2.6,73.9,2.6,1826,60.8,2.8,63.2,2.8,2018
OREGON,Black alone or in combination,97,90,59,60.5,19,65.4,19.2,52,53.4,19.4,57.7,19.9,2018
OREGON,Asian alone or in combination,189,155,83,44,14.4,53.7,16,41,21.6,12,26.4,14.2,2018
PENNSYLVANIA,Total,9928,9475,6469,65.2,1.6,68.3,1.6,5173,52.1,1.7,54.6,1.7,2018
PENNSYLVANIA,Male,4736,4532,3056,64.5,2.3,67.4,2.3,2445,51.6,2.4,53.9,2.5,2018
PENNSYLVANIA,Female,5192,4943,3414,65.7,2.2,69.1,2.2,2728,52.5,2.3,55.2,2.3,2018
PENNSYLVANIA,White alone,8277,8073,5628,68,1.7,69.7,1.7,4461,53.9,1.8,55.3,1.8,2018
PENNSYLVANIA,White non-Hispanic alone,7712,7635,5434,70.5,1.7,71.2,1.7,4323,56.1,1.9,56.6,1.9,2018
PENNSYLVANIA,Black alone,1059,1028,653,61.7,6,63.5,6,562,53.1,6.1,54.7,6.2,2018
PENNSYLVANIA,Asian alone,423,230,106,25.1,8.8,46,13.8,87,20.6,8.2,37.9,13.4,2018
PENNSYLVANIA,Hispanic (of any race),657,529,218,33.2,9.6,41.2,11.1,154,23.4,8.6,29.1,10.3,2018
PENNSYLVANIA,White alone or in combination,8418,8189,5693,67.6,1.7,69.5,1.7,4510,53.6,1.8,55.1,1.8,2018
PENNSYLVANIA,Black alone or in combination,1169,1113,700,59.8,5.7,62.9,5.8,589,50.4,5.9,52.9,6,2018
PENNSYLVANIA,Asian alone or in combination,440,247,123,28,9,49.8,13.3,104,23.8,8.5,42.2,13.1,2018
RHODE ISLAND,Total,828,782,532,64.2,2.7,68,2.7,403,48.7,2.8,51.6,2.9,2018
RHODE ISLAND,Male,394,373,238,60.5,4,63.8,4,186,47.4,4.1,49.9,4.2,2018
RHODE ISLAND,Female,435,408,293,67.5,3.7,71.9,3.6,217,49.9,3.9,53.1,4,2018
RHODE ISLAND,White alone,724,699,488,67.4,2.8,69.8,2.8,374,51.6,3,53.4,3.1,2018
RHODE ISLAND,White non-Hispanic alone,642,633,447,69.8,3,70.7,2.9,345,53.8,3.2,54.5,3.2,2018
RHODE ISLAND,Black alone,53,45,26,NA,NA,NA,NA,16,NA,NA,NA,NA,2018
RHODE ISLAND,Asian alone,26,16,7,NA,NA,NA,NA,5,NA,NA,NA,NA,2018
RHODE ISLAND,Hispanic (of any race),98,79,44,45,12.9,55.8,14.3,30,30.5,11.9,37.8,14,2018
RHODE ISLAND,White alone or in combination,746,718,498,66.7,2.8,69.3,2.8,382,51.2,3,53.2,3,2018
RHODE ISLAND,Black alone or in combination,71,60,34,NA,NA,NA,NA,23,NA,NA,NA,NA,2018
RHODE ISLAND,Asian alone or in combination,30,19,7,NA,NA,NA,NA,5,NA,NA,NA,NA,2018
SOUTH CAROLINA,Total,3914,3769,2430,62.1,2.5,64.5,2.5,1836,46.9,2.6,48.7,2.7,2018
SOUTH CAROLINA,Male,1849,1767,1121,60.6,3.7,63.5,3.7,828,44.8,3.8,46.9,3.9,2018
SOUTH CAROLINA,Female,2066,2002,1309,63.4,3.5,65.4,3.5,1007,48.8,3.6,50.3,3.6,2018
SOUTH CAROLINA,White alone,2790,2677,1727,61.9,3,64.5,3,1276,45.7,3.1,47.7,3.1,2018
SOUTH CAROLINA,White non-Hispanic alone,2610,2588,1690,64.8,3,65.3,3,1257,48.1,3.2,48.6,3.2,2018
SOUTH CAROLINA,Black alone,1000,996,646,64.6,6,64.9,6,519,51.9,6.2,52.1,6.2,2018
SOUTH CAROLINA,Asian alone,54,29,19,NA,NA,NA,NA,9,NA,NA,NA,NA,2018
SOUTH CAROLINA,Hispanic (of any race),207,110,36,17.7,13.6,33.3,23,19,9.3,10.3,17.6,18.6,2018
SOUTH CAROLINA,White alone or in combination,2836,2722,1756,61.9,3,64.5,3,1298,45.8,3,47.7,3.1,2018
SOUTH CAROLINA,Black alone or in combination,1041,1036,672,64.6,5.8,64.9,5.8,539,51.8,6.1,52,6.1,2018
SOUTH CAROLINA,Asian alone or in combination,56,32,19,NA,NA,NA,NA,9,NA,NA,NA,NA,2018
SOUTH DAKOTA,Total,648,637,429,66.2,2.7,67.3,2.7,331,51,2.9,51.9,2.9,2018
SOUTH DAKOTA,Male,325,319,207,63.8,3.9,65,3.9,160,49.4,4.1,50.3,4.1,2018
SOUTH DAKOTA,Female,323,318,222,68.6,3.8,69.7,3.8,170,52.7,4.1,53.5,4.1,2018
SOUTH DAKOTA,White alone,573,568,392,68.5,2.9,69.1,2.9,305,53.3,3.1,53.8,3.1,2018
SOUTH DAKOTA,White non-Hispanic alone,561,559,389,69.4,2.9,69.6,2.9,303,54.1,3.1,54.3,3.1,2018
SOUTH DAKOTA,Black alone,12,7,2,NA,NA,NA,NA,1,NA,NA,NA,NA,2018
SOUTH DAKOTA,Asian alone,5,3,1,NA,NA,NA,NA,1,NA,NA,NA,NA,2018
SOUTH DAKOTA,Hispanic (of any race),15,13,5,NA,NA,NA,NA,4,NA,NA,NA,NA,2018
SOUTH DAKOTA,White alone or in combination,579,575,395,68.1,2.9,68.7,2.9,308,53.1,3.1,53.5,3.1,2018
SOUTH DAKOTA,Black alone or in combination,14,9,2,NA,NA,NA,NA,1,NA,NA,NA,NA,2018
SOUTH DAKOTA,Asian alone or in combination,6,4,2,NA,NA,NA,NA,2,NA,NA,NA,NA,2018
TENNESSEE,Total,5202,5016,3183,61.2,2.2,63.5,2.2,2487,47.8,2.3,49.6,2.3,2018
TENNESSEE,Male,2501,2386,1476,59,3.2,61.9,3.3,1174,46.9,3.3,49.2,3.4,2018
TENNESSEE,Female,2701,2630,1707,63.2,3,64.9,3.1,1313,48.6,3.2,49.9,3.2,2018
TENNESSEE,White alone,4156,4015,2606,62.7,2.5,64.9,2.5,2039,49.1,2.5,50.8,2.6,2018
TENNESSEE,White non-Hispanic alone,3879,3852,2536,65.4,2.5,65.9,2.5,1991,51.3,2.6,51.7,2.6,2018
TENNESSEE,Black alone,830,801,484,58.3,6.8,60.4,6.9,368,44.3,6.9,45.9,7,2018
TENNESSEE,Asian alone,109,97,32,29.4,18.1,33,19.9,29,26.8,17.6,30.2,19.4,2018
TENNESSEE,Hispanic (of any race),282,167,69,24.5,13.2,41.3,19.6,48,17,11.6,28.7,18,2018
TENNESSEE,White alone or in combination,4244,4099,2660,62.7,2.4,64.9,2.4,2087,49.2,2.5,50.9,2.6,2018
TENNESSEE,Black alone or in combination,866,837,496,57.3,6.7,59.3,6.8,376,43.5,6.7,45,6.8,2018
TENNESSEE,Asian alone or in combination,124,109,36,29.2,16.9,33.4,18.8,34,27,16.5,30.9,18.4,2018
TEXAS,Total,21064,18374,11634,55.2,1.1,63.3,1.2,8886,42.2,1.1,48.4,1.2,2018
TEXAS,Male,10274,8812,5361,52.2,1.6,60.8,1.7,4064,39.6,1.6,46.1,1.8,2018
TEXAS,Female,10790,9562,6273,58.1,1.6,65.6,1.6,4822,44.7,1.6,50.4,1.7,2018
TEXAS,White alone,16689,14555,9331,55.9,1.3,64.1,1.3,7158,42.9,1.3,49.2,1.4,2018
TEXAS,White non-Hispanic alone,9492,9345,6686,70.4,1.6,71.5,1.6,5394,56.8,1.7,57.7,1.7,2018
TEXAS,Black alone,2625,2490,1580,60.2,3.8,63.4,3.9,1203,45.8,3.9,48.3,4,2018
TEXAS,Asian alone,1097,736,397,36.2,6.1,54,7.7,288,26.3,5.6,39.1,7.6,2018
TEXAS,Hispanic (of any race),7658,5594,2843,37.1,2.9,50.8,3.5,1918,25,2.6,34.3,3.3,2018
TEXAS,White alone or in combination,16991,14838,9496,55.9,1.3,64,1.3,7276,42.8,1.3,49,1.4,2018
TEXAS,Black alone or in combination,2722,2583,1629,59.8,3.8,63.1,3.8,1231,45.2,3.8,47.6,4,2018
TEXAS,Asian alone or in combination,1192,831,471,39.5,6,56.7,7.2,354,29.7,5.6,42.6,7.2,2018
UTAH,Total,2247,2109,1443,64.2,2.2,68.4,2.2,1214,54,2.3,57.6,2.4,2018
UTAH,Male,1109,1040,691,62.3,3.2,66.4,3.2,568,51.2,3.3,54.6,3.4,2018
UTAH,Female,1138,1068,752,66.1,3.1,70.4,3.1,646,56.8,3.2,60.5,3.3,2018
UTAH,White alone,2080,1969,1385,66.6,2.3,70.4,2.3,1171,56.3,2.4,59.5,2.4,2018
UTAH,White non-Hispanic alone,1799,1785,1293,71.9,2.3,72.4,2.3,1092,60.7,2.5,61.2,2.5,2018
UTAH,Black alone,31,29,8,NA,NA,NA,NA,5,NA,NA,NA,NA,2018
UTAH,Asian alone,63,44,26,NA,NA,NA,NA,22,NA,NA,NA,NA,2018
UTAH,Hispanic (of any race),291,189,96,32.8,9.5,50.5,12.6,82,28.3,9.1,43.6,12.4,2018
UTAH,White alone or in combination,2091,1979,1392,66.6,2.3,70.3,2.3,1175,56.2,2.4,59.4,2.4,2018
UTAH,Black alone or in combination,35,33,12,NA,NA,NA,NA,10,NA,NA,NA,NA,2018
UTAH,Asian alone or in combination,67,48,26,NA,NA,NA,NA,22,NA,NA,NA,NA,2018
VERMONT,Total,503,497,343,68.1,2.9,69,2.9,273,54.2,3.1,54.9,3.1,2018
VERMONT,Male,247,243,168,68.2,4.1,69.1,4.1,132,53.6,4.4,54.3,4.4,2018
VERMONT,Female,257,253,175,68,4,69,4,141,54.7,4.3,55.5,4.3,2018
VERMONT,White alone,478,473,330,68.9,2.9,69.7,2.9,263,55,3.1,55.6,3.1,2018
VERMONT,White non-Hispanic alone,472,466,323,68.6,2.9,69.4,2.9,258,54.6,3.2,55.3,3.2,2018
VERMONT,Black alone,4,4,2,NA,NA,NA,NA,1,NA,NA,NA,NA,2018
VERMONT,Asian alone,5,4,3,NA,NA,NA,NA,3,NA,NA,NA,NA,2018
VERMONT,Hispanic (of any race),8,8,7,NA,NA,NA,NA,6,NA,NA,NA,NA,2018
VERMONT,White alone or in combination,493,486,338,68.7,2.9,69.6,2.9,268,54.5,3.1,55.2,3.1,2018
VERMONT,Black alone or in combination,7,7,3,NA,NA,NA,NA,2,NA,NA,NA,NA,2018
VERMONT,Asian alone or in combination,8,7,5,NA,NA,NA,NA,3,NA,NA,NA,NA,2018
VIRGINIA,Total,6386,5773,4159,65.1,2,72,2,3319,52,2.1,57.5,2.2,2018
VIRGINIA,Male,3051,2724,1958,64.2,2.9,71.9,2.9,1578,51.7,3,57.9,3.2,2018
VIRGINIA,Female,3335,3049,2201,66,2.8,72.2,2.7,1742,52.2,2.9,57.1,3,2018
VIRGINIA,White alone,4496,4094,3065,68.2,2.3,74.9,2.3,2412,53.7,2.5,58.9,2.6,2018
VIRGINIA,White non-Hispanic alone,3874,3808,2924,75.5,2.3,76.8,2.3,2314,59.7,2.6,60.8,2.7,2018
VIRGINIA,Black alone,1198,1130,754,63,5.7,66.8,5.7,637,53.2,5.9,56.4,6,2018
VIRGINIA,Asian alone,510,368,226,44.3,9.3,61.4,10.8,169,33.2,8.8,46,11,2018
VIRGINIA,Hispanic (of any race),669,324,159,23.8,8.7,49,14.6,112,16.8,7.6,34.6,13.9,2018
VIRGINIA,White alone or in combination,4617,4215,3156,68.4,2.3,74.9,2.2,2490,53.9,2.5,59.1,2.5,2018
VIRGINIA,Black alone or in combination,1258,1190,786,62.5,5.5,66.1,5.6,664,52.8,5.7,55.8,5.8,2018
VIRGINIA,Asian alone or in combination,587,445,286,48.7,8.7,64.3,9.6,224,38.2,8.5,50.4,10,2018
WASHINGTON,Total,5775,5228,3852,66.7,2.1,73.7,2,3234,56,2.2,61.9,2.2,2018
WASHINGTON,Male,2869,2590,1861,64.9,3,71.9,2.9,1541,53.7,3.1,59.5,3.2,2018
WASHINGTON,Female,2906,2638,1991,68.5,2.9,75.5,2.8,1693,58.2,3,64.2,3.1,2018
WASHINGTON,White alone,4663,4314,3219,69,2.3,74.6,2.2,2736,58.7,2.4,63.4,2.4,2018
WASHINGTON,White non-Hispanic alone,3995,3905,2983,74.7,2.3,76.4,2.3,2558,64,2.5,65.5,2.5,2018
WASHINGTON,Black alone,232,232,155,66.8,12.4,66.8,12.4,103,44.2,13.1,44.2,13.1,2018
WASHINGTON,Asian alone,530,356,262,49.4,9.1,73.4,9.8,224,42.2,9,62.8,10.8,2018
WASHINGTON,Hispanic (of any race),736,468,267,36.3,9.3,57.2,12,204,27.8,8.6,43.7,12,2018
WASHINGTON,White alone or in combination,4792,4434,3321,69.3,2.2,74.9,2.2,2816,58.8,2.4,63.5,2.4,2018
WASHINGTON,Black alone or in combination,255,255,175,68.4,11.7,68.4,11.7,117,45.7,12.6,45.7,12.6,2018
WASHINGTON,Asian alone or in combination,559,386,287,51.4,8.9,74.5,9.3,237,42.4,8.8,61.6,10.4,2018
WEST VIRGINIA,Total,1406,1384,892,63.4,2.8,64.5,2.8,610,43.4,2.9,44.1,2.9,2018
WEST VIRGINIA,Male,685,674,423,61.7,4,62.7,4.1,294,43,4.1,43.7,4.2,2018
WEST VIRGINIA,Female,721,710,470,65.1,3.9,66.1,3.9,316,43.8,4,44.5,4.1,2018
WEST VIRGINIA,White alone,1312,1303,856,65.2,2.9,65.7,2.9,585,44.6,3,44.9,3,2018
WEST VIRGINIA,White non-Hispanic alone,1291,1286,847,65.6,2.9,65.9,2.9,582,45.1,3,45.2,3,2018
WEST VIRGINIA,Black alone,49,47,19,NA,NA,NA,NA,12,NA,NA,NA,NA,2018
WEST VIRGINIA,Asian alone,17,6,4,NA,NA,NA,NA,3,NA,NA,NA,NA,2018
WEST VIRGINIA,Hispanic (of any race),24,20,10,NA,NA,NA,NA,4,NA,NA,NA,NA,2018
WEST VIRGINIA,White alone or in combination,1334,1324,867,65,2.8,65.5,2.8,594,44.5,3,44.8,3,2018
WEST VIRGINIA,Black alone or in combination,64,63,29,NA,NA,NA,NA,19,NA,NA,NA,NA,2018
WEST VIRGINIA,Asian alone or in combination,19,7,5,NA,NA,NA,NA,4,NA,NA,NA,NA,2018
WISCONSIN,Total,4436,4296,3129,70.5,2.3,72.8,2.2,2776,62.6,2.4,64.6,2.4,2018
WISCONSIN,Male,2186,2105,1519,69.5,3.3,72.2,3.2,1328,60.7,3.5,63.1,3.5,2018
WISCONSIN,Female,2250,2191,1610,71.6,3.2,73.5,3.1,1448,64.4,3.3,66.1,3.4,2018
WISCONSIN,White alone,3948,3865,2883,73,2.3,74.6,2.3,2574,65.2,2.5,66.6,2.5,2018
WISCONSIN,White non-Hispanic alone,3782,3759,2815,74.5,2.3,74.9,2.3,2514,66.5,2.5,66.9,2.5,2018
WISCONSIN,Black alone,264,239,137,51.7,12.3,57.1,12.8,110,41.7,12.2,46,12.9,2018
WISCONSIN,Asian alone,89,79,52,58.6,21.8,66,22.3,52,58.6,21.8,66,22.3,2018
WISCONSIN,Hispanic (of any race),232,142,91,39.3,16.7,64.2,21,84,36.3,16.4,59.4,21.5,2018
WISCONSIN,White alone or in combination,4015,3932,2923,72.8,2.3,74.4,2.3,2599,64.7,2.5,66.1,2.5,2018
WISCONSIN,Black alone or in combination,313,266,159,50.7,11.3,59.6,12.1,123,39.1,11.1,46.1,12.3,2018
WISCONSIN,Asian alone or in combination,94,84,57,60.5,21.1,67.8,21.4,57,60.5,21.1,67.8,21.4,2018
WYOMING,Total,430,422,268,62.4,2.9,63.5,2.9,220,51.2,3,52.1,3,2018
WYOMING,Male,216,212,134,61.8,4.1,62.9,4.1,107,49.7,4.2,50.6,4.2,2018
WYOMING,Female,214,210,135,62.9,4.1,64.1,4.1,113,52.7,4.2,53.6,4.2,2018
WYOMING,White alone,408,402,259,63.6,2.9,64.5,2.9,214,52.5,3,53.2,3.1,2018
WYOMING,White non-Hispanic alone,369,368,244,66,3,66.3,3,202,54.7,3.2,54.9,3.2,2018
WYOMING,Black alone,5,4,3,NA,NA,NA,NA,2,NA,NA,NA,NA,2018
WYOMING,Asian alone,3,1,NA,NA,NA,NA,NA,NA,NA,NA,NA,NA,2018
WYOMING,Hispanic (of any race),41,37,16,NA,NA,NA,NA,13,NA,NA,NA,NA,2018
WYOMING,White alone or in combination,410,405,261,63.6,2.9,64.4,2.9,216,52.5,3,53.2,3,2018
WYOMING,Black alone or in combination,6,5,3,NA,NA,NA,NA,2,NA,NA,NA,NA,2018
WYOMING,Asian alone or in combination,3,1,NA,NA,NA,NA,NA,NA,NA,NA,NA,NA,2018
